3143851677
3139690771
3139690796
3143851777
3139690392
3143851173
3143852032
3140975873
3139689905
3140975994
3140975977
3143851177
3143852036
3139690728
3143850511
3139690371
3143851773
3139690396
3143850514
3140975975
3140975886
3140975985
3143851535
3143851178
3143851159
3139690414
3143851764
3143852031
3143851676
3140975875
3143851785
3140975868
3143851755
3143851545
3140975993
3143851681
3143852038
3143851753
3143852040
3143852017
3140975889
3143851537
3143851162
3143851692
3143852022
3143852029
3143852019
3143851686
3143851782
3140975972
3143851786
3143852005
3140975983
3143851778
3143851679
3143851538
3143851762
3143851690
3143852014
3143851158
3143851160
3140975878
3143851167
3143851155
3143852028
3143851695
3143851768
3143851548
3143851678
3143851779
3143851684
3143851693
3143851772
3143851157
3143852024
3143851689
3140975991
3143851784
3143851694
3143852023
3143851775
3143851698
3143851153
3143851175
3140975998
3143851156
3143852041
3143851696
3143851163
3143851691
3143851781
3143852025
3143852035
3143851774
3143852045
3143851763
3143851540
3143851542
3143851685
3143852037
3143852027
3143852033
3143852016
3143851539
3143851767
3143851765
3143852034
3143851533
3143851547
3143851675
3143851170
3143851766
3143851161
3143851176
3143851541
3143851687
3143851154
3143851544
3143851783
3143852015
3143852030
3143851174
3143852039
3143851682
3143852044
3143851776
3143851151
3143852020
3143851543
3143852018
3143852043
3143852021
3143851546
3143851179
3143851165
3143851169
3143851771
3143851164
3143851780
3143852042
3143851168
3143851680
3143851769
3143851166
3143851688
3143851172
3143852026
3143851697
3143851683
3143851770
3143851171
3143852032
3143851761
3143851760
3143851759
3143851758
3143851757
3143851756
3143851754
3143851752
3143851751
3143851750
3143851749
3143851748
3143851747
3143851746
3143851745
3143851744
3143851743
3143851742
3143851741
3143851740
3143851739
3143851738
3143851737
3143851736
3143851735
3143851734
3143851733
3143851732
3143851731
3143851730
3143851729
3143851728
3143851727
3143851726
3143851725
3143851724
3143851723
3143851722
3143851721
3143851720
3143851719
3143851718
3143851717
3143851716
3143851715
3143851714
3143851713
3143851712
3143851711
3143851710
3143851709
3143851708
3143851707
3143851706
3143851705
3143851704
3143851703
3143851702
3143851701
3143851700
3143851699
3143851674
3143851673
3143851672
3143851671
3143851670
3143851669
3143851668
3143851667
3143851666
3143851665
3143851664
3143851663
3143851662
3143851661
3143851660
3143851659
3143851658
3143851657
3143851656
3143851655
3143851654
3143851653
3143851652
3143851651
3143851650
3143851649
3143851648
3143851647
3143851646
3143851645
3143851644
3143851643
3143851642
3143851641
3143851640
3143851639
3143851638
3143851637
3143851636
3143851635
3143851634
3143851633
3143851632
3143851631
3143851630
3143851629
3143851628
3143851627
3143851626
3143851625
3143851624
3143851623
3143851622
3143851621
3143851620
3143851619
3143851618
3143851617
3143851616
3143851615
3143851614
3143851613
3143851612
3143851611
3143851610
3143851609
3143851608
3143851607
3143851606
3143851605
3143851604
3143851603
3143851602
3143851601
3143851600
3143851599
3143851598
3143851597
3143851596
3143851595
3143851594
3143851593
3143851592
3143851591
3143851590
3143851589
3143851588
3143851587
3143851586
3143851585
3143851584
3143851583
3143851582
3143851581
3143851580
3143851579
3143851578
3143851577
3143851576
3143851575
3143851574
3143851573
3143851572
3143851571
3143851570
3143851569
3143851568
3143851567
3143851566
3143851565
3143851564
3143851563
3143851562
3143851561
3143851560
3143851559
3143851558
3143851557
3143851556
3143851555
3143851554
3143851553
3143851552
3143851551
3143851550
3143851549
3143851536
3143851534
3143851532
3143851531
3143851530
3143851529
3143851528
3143851527
3143851526
3143851525
3143851524
3143851523
3143851522
3143851521
3143851520
3143851519
3143851518
3143851517
3143851516
3143851515
3143851514
3143851513
3143851512
3143851511
3143851510
3143851509
3143851508
3143851507
3143851506
3143851505
3143851504
3143851503
3143851502
3143851501
3143851500
3143851499
3143851498
3143851497
3143851496
3143851495
3143851494
3143851493
3143851492
3143851491
3143851490
3143851489
3143851488
3143851487
3143851486
3143851485
3143851484
3143851483
3143851482
3143851481
3143851480
3143851479
3143851478
3143851477
3143851476
3143851475
3143851474
3143851473
3143851472
3143851471
3143851470
3143851469
3143851468
3143851467
3143851466
3143851465
3143851464
3143851463
3143851462
3143851461
3143851460
3143851459
3143851458
3143851457
3143851456
3143851455
3143851454
3143851453
3143851452
3143851451
3143851450
3143851449
3143851448
3143851447
3143851446
3143851445
3143851444
3143851443
3143851442
3143851441
3143851440
3143851439
3143851438
3143851437
3143851436
3143851435
3143851434
3143851433
3143851432
3143851431
3143851430
3143851429
3143851428
3143851427
3143851426
3143851425
3143851424
3143851423
3143851422
3143851421
3143851420
3143851419
3143851418
3143851417
3143851416
3143851415
3143851414
3143851413
3143851412
3143851411
3143851410
3143851409
3143851408
3143851407
3143851406
3143851405
3143851404
3143851403
3143851402
3143851401
3143851400
3143851399
3143851398
3143851397
3143851396
3143851395
3143851394
3143851393
3143851392
3143851391
3143851390
3143851389
3143851388
3143851387
3143851386
3143851385
3143851384
3143851383
3143851382
3143851381
3143851380
3143851379
3143851378
3143851377
3143851376
3143851375
3143851374
3143851373
3143851372
3143851371
3143851370
3143851369
3143851368
3143851367
3143851366
3143851365
3143851364
3143851363
3143851362
3143851361
3143851360
3143851359
3143851358
3143851357
3143851356
3143851355
3143851354
3143851353
3143851352
3143851351
3143851350
3143851349
3143851348
3143851347
3143851346
3143851345
3143851344
3143851343
3143851342
3143851341
3143851340
3143851339
3143851338
3143851337
3143851336
3143851335
3143851334
3143851333
3143851332
3143851331
3143851330
3143851329
3143851328
3143851327
3143851326
3143851325
3143851324
3143851323
3143851322
3143851321
3143851320
3143851319
3143851318
3143851317
3143851316
3143851315
3143851314
3143851313
3143851312
3143851311
3143851310
3143851309
3143851308
3143851307
3143851306
3143851305
3143851304
3143851303
3143851302
3143851301
3143851300
3143851299
3143851298
3143851297
3143851296
3143851295
3143851294
3143851293
3143851292
3143851291
3143851290
3143851289
3143851288
3143851287
3143851286
3143851285
3143851284
3143851283
3143851282
3143851281
3143851280
3143851279
3143851278
3143851277
3143851276
3143851275
3143851274
3143851273
3143851272
3143851271
3143851270
3143851269
3143851268
3143851267
3143851266
3143851265
3143851264
3143851263
3143851262
3143851261
3143851260
3143851259
3143851258
3143851257
3143851256
3143851255
3143851254
3143851253
3143851252
3143851251
3143851250
3143851249
3143851248
3143851247
3143851246
3143851245
3143851244
3143851243
3143851242
3143851241
3143851240
3143851239
3143851238
3143851237
3143851236
3143851235
3143851234
3143851233
3143851232
3143851231
3143851230
3143851229
3143851228
3143851227
3143851226
3143851225
3143851224
3143851223
3143851222
3143851221
3143851220
3143851219
3143851218
3143851217
3143851216
3143851215
3143851214
3143851213
3143851212
3143851211
3143851210
3143851209
3143851208
3143851207
3143851206
3143851205
3143851204
3143851203
3143851202
3143851201
3143851200
3143851199
3143851198
3143851197
3143851196
3143851195
3143851194
3143851193
3143851192
3143851191
3143851190
3143851189
3143851188
3143851187
3143851186
3143851185
3143851184
3143851183
3143851182
3143851181
3143851180
3143851152
3143851150
3143851149
3143851148
3143851147
3143851146
3143851145
3143851144
3143851143
3143851142
3143851141
3143851140
3143851139
3143851138
3143851137
3143851136
3143851135
3143851134
3143851133
3143851132
3143851131
3143851130
3143851129
3143851128
3143851127
3143851126
3143851125
3143851124
3143851123
3143851122
3143851121
3143851120
3143851119
3143851118
3143851117
3143851116
3143851115
3143851114
3143851113
3143851112
3143851111
3143851110
3143851109
3143851108
3143851107
3143851106
3143851105
3143851104
3143851103
3143851102
3143851101
3143851100
3143851099
3143851098
3143851097
3143851096
3143851095
3143851094
3143851093
3143851092
3143851091
3143851090
3143851089
3143851088
3143851087
3143851086
3143851085
3143851084
3143851083
3143851082
3143851081
3143851080
3143851079
3143851078
3143851077
3143851076
3143851075
3143851074
3143851073
3143851072
3143851071
3143851070
3143851069
3143851068
3143851067
3143851066
3143851065
3143851064
3143851063
3143851062
3143851061
3143851060
3143851059
3143851058
3143851057
3143851056
3143851055
3143851054
3143851053
3143851052
3143851051
3143851050
3143851049
3143851048
3143851047
3143851046
3143851045
3143851044
3143851043
3143851042
3143851041
3143851040
3143851039
3143851038
3143851037
3143851036
3143851035
3143851034
3143851033
3143851032
3143851031
3143851030
3143851029
3143851028
3143851027
3143851026
3143851025
3143851024
3143851023
3143851022
3143851021
3143851020
3143851019
3143851018
3143851017
3143851016
3143851015
3143851014
3143851013
3143851012
3143851011
3143851010
3143851009
3143851008
3143851007
3143851006
3143851005
3143851004
3143851003
3143851002
3143851001
3143851000
3143850999
3143850998
3143850997
3143850996
3143850995
3143850994
3143850993
3143850992
3143850991
3143850990
3143850989
3143850988
3143850987
3143850986
3143850985
3143850984
3143850983
3143850982
3143850981
3143850980
3143850979
3143850978
3143850977
3143850976
3143850975
3143850974
3143850973
3143850972
3143850971
3143850970
3143850969
3143850968
3143850967
3143850966
3143850965
3143850964
3143850963
3143850962
3143850961
3143850960
3143850959
3143850958
3143850957
3143850956
3143850955
3143850954
3143850953
3143850952
3143850951
3143850950
3143850949
3143850948
3143850947
3143850946
3143850945
3143850944
3143850943
3143850942
3143850941
3143850940
3143850939
3143850938
3143850937
3143850936
3143850935
3143850934
3143850933
3143850932
3143850931
3143850930
3143850929
3143850928
3143850927
3143850926
3143850925
3143850924
3143850923
3143850922
3143850921
3143850920
3143850919
3143850918
3143850917
3143850916
3143850915
3143850914
3143850913
3143850912
3143850911
3143850910
3143850909
3143850908
3143850907
3143850906
3143850905
3143850904
3143850903
3143850902
3143850901
3143850900
3143850899
3143850898
3143850897
3143850896
3143850895
3143850894
3143850893
3143850892
3143850891
3143850890
3143850889
3143850888
3143850887
3143850886
3143850885
3143850884
3143850883
3143850882
3143850881
3143850880
3143850879
3143850878
3143850877
3143850876
3143850875
3143850874
3143850873
3143850872
3143850871
3143850870
3143850869
3143850868
3143850867
3143850866
3143850865
3143850864
3143850863
3143850862
3143850861
3143850860
3143850859
3143850858
3143850857
3143850856
3143850855
3143850854
3143850853
3143850852
3143850851
3143850850
3143850849
3143850848
3143850847
3143850846
3143850845
3143850844
3143850843
3143850842
3143850841
3143850840
3143850839
3143850838
3143850837
3143850836
3143850835
3143850834
3143850833
3143850832
3143850831
3143850830
3143850829
3143850828
3143850827
3143850826
3143850825
3143850824
3143850823
3143850822
3143850821
3143850820
3143850819
3143850818
3143850817
3143850816
3143850815
3143850814
3143850813
3143850812
3143850811
3143850810
3143850809
3143850808
3143850807
3143850806
3143850805
3143850804
3143850803
3143850802
3143850801
3143850800
3143850799
3143850798
3143850797
3143850796
3143850795
3143850794
3143850793
3143850792
3143850791
3143850790
3143850789
3143850788
3143850787
3143850786
3143850785
3143850784
3143850783
3143850782
3143850781
3143850780
3143850779
3143850778
3143850777
3143850776
3143850775
3143850774
3143850773
3143850772
3143850771
3143850770
3143850769
3143850768
3143850767
3143850766
3143850765
3143850764
3143850763
3143850762
3143850761
3143850760
3143850759
3143850758
3143850757
3143850756
3143850755
3143850754
3143850753
3143850752
3143850751
3143850750
3143850749
3143850748
3143850747
3143850746
3143850745
3143850744
3143850743
3143850742
3143850741
3143850740
3143850739
3143850738
3143850737
3143850736
3143850735
3143850734
3143850733
3143850732
3143850731
3143850730
3143850729
3143850728
3143850727
3143850726
3143850725
3143850724
3143850723
3143850722
3143850721
3143850720
3143850719
3143850718
3143850717
3143850716
3143850715
3143850714
3143850713
3143850712
3143850711
3143850710
3143850709
3143850708
3143850707
3143850706
3143850705
3143850704
3143850703
3143850702
3143850701
3143850700
3143850699
3143850698
3143850697
3143850696
3143850695
3143850694
3143850693
3143850692
3143850691
3143850690
3143850689
3143850688
3143850687
3143850686
3143850685
3143850684
3143850683
3143850682
3143850681
3143850680
3143850679
3143850678
3143850677
3143850676
3143850675
3143850674
3143850673
3143850672
3143850671
3143850670
3143850669
3143850668
3143850667
3143850666
3143850665
3143850664
3143850663
3143850662
3143850661
3143850660
3143850659
3143850658
3143850657
3143850656
3143850655
3143850654
3143850653
3143850652
3143850651
3143850650
3143850649
3143850648
3143850647
3143850646
3143850645
3143850644
3143850643
3143850642
3143850641
3143850640
3143850639
3143850638
3143850637
3143850636
3143850635
3143850634
3143850633
3143850632
3143850631
3143850630
3143850629
3143850628
3143850627
3143850626
3143850625
3143850624
3143850623
3143850622
3143850621
3143850620
3143850619
3143850618
3143850617
3143850616
3143850615
3143850614
3143850613
3143850612
3143850611
3143850610
3143850609
3143850608
3143850607
3143850606
3143850605
3143850604
3143850603
3143850602
3143850601
3143850600
3143850599
3143850598
3143850597
3143850596
3143850595
3143850594
3143850593
3143850592
3143850591
3143850590
3143850589
3143850588
3143850587
3143850586
3143850585
3143850584
3143850583
3143850582
3143850581
3143850580
3143850579
3143850578
3143850577
3143850576
3143850575
3143850574
3143850573
3143850572
3143850571
3143850570
3143850569
3143850568
3143850567
3143850566
3143850565
3143850564
3143850563
3143850562
3143850561
3143850560
3143850559
3143850558
3143850557
3143850556
3143850555
3143850554
3143850553
3143850552
3143850551
3143850550
3143850549
3143850548
3143850547
3143850546
3143850545
3143850544
3143850543
3143850542
3143850541
3143850540
3143850539
3143850538
3143850537
3143850536
3143850535
3143850534
3143850533
3143850532
3143850531
3143850530
3143850529
3143850528
3143850527
3143850526
3143850525
3143850524
3143850523
3143850522
3143850521
3143850520
3143850519
3143850518
3143850517
3143850516
3143850515
3143850513
3143850512
3143850510
3143850509
3143850508
3143850507
3143850506
3143850505
3143850504
3143850503
3143850502
3143850501
3143850500
3143850499
3143850498
3143850497
3143850496
3143850495
3143850494
3143850493
3143850492
3143850491
3143850490
3143850489
3143850488
3143850487
3143850486
3143850485
3143850484
3143850483
3143850482
3143850481
3143850480
3143850479
3143850478
3143850477
3143850476
3143850475
3143850474
3143850473
3143850472
3143850471
3143850470
3143850469
3143850468
3143850467
3143850466
3143850465
3143850464
3143850463
3143850462
3143850461
3143850460
3143850459
3143850458
3143850457
3143850456
3143850455
3143850454
3143850453
3143850452
3143850451
3143850450
3143850449
3143850448
3143850447
3143850446
3143850445
3143850444
3143850443
3143850442
3143850441
3143850440
3143850439
3143850438
3143850437
3143850436
3143850435
3143850434
3143850433
3143850432
3143850431
3143850430
3143850429
3143850428
3143850427
3143850426
3143850425
3143850424
3143850423
3143850422
3143850421
3143850420
3143850419
3143850418
3143850417
3143850416
3143850415
3143850414
3143850413
3143850412
3143850411
3143850410
3143850409
3143850408
3143850407
3143850406
3143850405
3143850404
3143850403
3143850402
3143850401
3143850400
3143850399
3143850398
3143850397
3143850396
3143850395
3143850394
3143850393
3143850392
3143850391
3143850390
3143850389
3143850388
3143850387
3143850386
3143850385
3143850384
3143850383
3143850382
3143850381
3143850380
3143850379
3143850378
3143850377
3143850376
3143850375
3143850374
3143850373
3143850372
3143850371
3143850370
3143850369
3143850368
3143850367
3143850366
3143850365
3143850364
3143850363
3143850362
3143850361
3143850360
3143850359
3143850358
3143850357
3143850356
3143850355
3143850354
3143850353
3143850352
3143850351
3143850350
3143850349
3143850348
3143850347
3143850346
3143850345
3143850344
3143850343
3143850342
3143850341
3143850340
3143850339
3143850338
3143850337
3143850336
3143850335
3143850334
3143850333
3143850332
3143850331
3143850330
3143850329
3143850328
3143850327
3143850326
3143850325
3143850324
3143850323
3143850322
3143850321
3143850320
3143850319
3143850318
3143850317
3143850316
3143850315
3143850314
3143850313
3143850312
3143850311
3143850310
3143850309
3143850308
3143850307
3143850306
3143850305
3143850304
3143850303
3143850302
3143850301
3143850300
3143850299
3143850298
3143850297
3143850296
3143850295
3143850294
3143850293
3143850292
3143850291
3143850290
3143850289
3143850288
3143850287
3143850286
3143850285
3143850284
3143850283
3143850282
3143850281
3143850280
3143850279
3143850278
3143850277
3143850276
3143850275
3143850274
3143850273
3143850272
3143850271
3143850270
3143850269
3143850268
3143850267
3143850266
3143850265
3143850264
3143850263
3143850262
3143850261
3143850260
3143850259
3143850258
3143850257
3143850256
3143850255
3143850254
3143850253
3143850252
3143850251
3143850250
3143850249
3143850248
3143850247
3143850246
3143850245
3143850244
3143850243
3143850242
3143850241
3143850240
3143850239
3143850238
3143850237
3143850236
3143850235
3143850234
3143850233
3143850232
3143850231
3143850230
3143850229
3143850228
3143850227
3143850226
3143850225
3143850224
3143850223
3143850222
3143850221
3143850220
3143850219
3143850218
3143850217
3143850216
3143850215
3143850214
3143850213
3143850212
3143850211
3143850210
3143850209
3143850208
3143850207
3143850206
3143850205
3143850204
3143850203
3143850202
3143850201
3143850200
3143850199
3143850198
3143850197
3143850196
3143850195
3143850194
3143850193
3143850192
3143850191
3143850190
3143850189
3143850188
3143850187
3143850186
3143850185
3143850184
3143850183
3143850182
3143850181
3143850180
3143850179
3143850178
3143850177
3143850176
3143850175
3143850174
3143850173
3143850172
3143850171
3143850170
3143850169
3143850168
3143850167
3143850166
3143850165
3143850164
3143850163
3143850162
3143850161
3143850160
3143850159
3143850158
3143850157
3143850156
3143850155
3143850154
3143850153
3143850152
3143850151
3143850150
3143850149
3143850148
3143850147
3143850146
3143850145
3143850144
3143850143
3143850142
3143850141
3143850140
3143850139
3143850138
3143850137
3143850136
3143850135
3143850134
3143850133
3143850132
3143850131
3143850130
3143850129
3143850128
3143850127
3143850126
3143850125
3143850124
3143850123
3143850122
3143850121
3143850120
3143850119
3143850118
3143850117
3143850116
3143850115
3143850114
3143850113
3143850112
3143850111
3143850110
3143850109
3143850108
3143850107
3143850106
3143850105
3143850104
3143850103
3143850102
3143850101
3143850100
3143850099
3143850098
3143850097
3143850096
3143850095
3143850094
3143850093
3143850092
3143850091
3143850090
3143850089
3143850088
3143850087
3143850086
3143850085
3143850084
3143850083
3143850082
3143850081
3143850080
3143850079
3143850078
3143850077
3143850076
3143850075
3143850074
3143850073
3143850072
3143850071
3143850070
3143850069
3143850068
3143850067
3143850066
3143850065
3143850064
3143850063
3143850062
3143850061
3143850060
3143850059
3143850058
3143850057
3143850056
3143850055
3143850054
3143850053
3143850052
3143850051
3143850050
3143850049
3143850048
3143850047
3143850046
3143850045
3143850044
3143850043
3143850042
3143850041
3143850040
3143850039
3143850038
3143850037
3143850036
3143850035
3143850034
3143850033
3143850032
3143850031
3143850030
3143850029
3143850028
3143850027
3143850026
3143850025
3143850024
3143850023
3143850022
3143850021
3143850020
3143850019
3143850018
3143850017
3143850016
3143850015
3143850014
3143850013
3143850012
3143850011
3143850010
3143850009
3143850008
3143850007
3143850006
3143850005
3143850004
3143850003
3143850002
3143850001
3143850000
3143849999
3143849998
3143849997
3143849996
3143849995
3143849994
3143849993
3143849992
3143849991
3143849990
3143849989
3143849988
3143849987
3143849986
3143849985
3143849984
3143849983
3143849982
3143849981
3143849980
3143849979
3143849978
3143849977
3143849976
3143849975
3143849974
3143849973
3143849972
3143849971
3143849970
3143849969
3143849968
3143849967
3143849966
3143849965
3143849964
3143849963
3143849962
3143849961
3143849960
3143849959
3143849958
3143849957
3143849956
3143849955
3143849954
3143849953
3143849952
3143849951
3143849950
3143849949
3143849948
3143849947
3143849946
3143849945
3143849944
3143849943
3143849942
3143849941
3143849940
3143849939
3143849938
3143849937
3143849936
3143849935
3143849934
3143849933
3143849932
3143849931
3143849930
3143849929
3143849928
3143849927
3143849926
3143849925
3143849924
3143849923
3143849922
3143849921
3143849920
3143849919
3143849918
3143849917
3143849916
3143849915
3143849914
3143849913
3143849912
3143849911
3143849910
3143849909
3143849908
3143849907
3143849906
3143849905
3143849904
3143849903
3143849902
3143849901
3143849900
3143849899
3143849898
3143849897
3143849896
3143849895
3143849894
3143849893
3143849892
3143849891
3143849890
3143849889
3143849888
3143849887
3143849886
3143849885
3143849884
3143849883
3143849882
3143849881
3143849880
3143849879
3143849878
3143849877
3143849876
3143849875
3143849874
3143849873
3143849872
3143849871
3143849870
3143849869
3143849868
3143849867
3143849866
3143849865
3143849864
3143849863
3143849862
3143849861
3143849860
3143849859
3143849858
3143849857
3143849856
3143849855
3143849854
3143849853
3143849852
3143849851
3143849850
3143849849
3143849848
3143849847
3143849846
3143849845
3143849844
3143849843
3143849842
3143849841
3143849840
3143849839
3143849838
3143849837
3143849836
3143849835
3143849834
3143849833
3143849832
3143849831
3143849830
3143849829
3143849828
3143849827
3143849826
3143849825
3143849824
3143849823
3143849822
3143849821
3143849820
3143849819
3143849818
3143849817
3143849816
3143849815
3143849814
3143849813
3143849812
3143849811
3143849810
3143849809
3143849808
3143849807
3143849806
3143849805
3143849804
3143849803
3143849802
3143849801
3143849800
3143849799
3143849798
3143849797
3143849796
3143849795
3143849794
3143849793
3143849792
3143849791
3143849790
3143849789
3143849788
3143849787
3143849786
3143849785
3143849784
3143849783
3143849782
3143849781
3143849780
3143849779
3143849778
3143849777
3143849776
3143849775
3143849774
3143849773
3143849772
3143849771
3143849770
3143849769
3143849768
3143849767
3143849766
3143849765
3143849764
3143849763
3143849762
3143849761
3143849760
3143849759
3143849758
3143849757
3143849756
3143849755
3143849754
3143849753
3143849752
3143849751
3143849750
3143849749
3143849748
3143849747
3143849746
3143849745
3143849744
3143849743
3143849742
3143849741
3143849740
3143849739
3143849738
3143849737
3143849736
3143849735
3143849734
3143849733
3143849732
3143849731
3143849730
3143849729
3143849728
3143849727
3143849726
3143849725
3143849724
3143849723
3143849722
3143849721
3143849720
3143849719
3143849718
3143849717
3143849716
3143849715
3143849714
3143849713
3143849712
3143849711
3143849710
3143849709
3143849708
3143849707
3143849706
3143849705
3143849704
3143849703
3143849702
3143849701
3143849700
3143849699
3143849698
3143849697
3143849696
3143849695
3143849694
3143849693
3143849692
3143849691
3143849690
3143849689
3143849688
3143849687
3143849686
3143849685
3143849684
3143849683
3143849682
3143849681
3143849680
3143849679
3143849678
3143849677
3143849676
3143849675
3143849674
3143849673
3143849672
3143849671
3143849670
3143849669
3143849668
3143849667
3143849666
3143849665
3143849664
3143849663
3143849662
3143849661
3143849660
3143849659
3143849658
3143849657
3143849656
3143849655
3143849654
3143849653
3143849652
3143849651
3143849650
3143849649
3143849648
3143849647
3143849646
3143849645
3143849644
3143849643
3143849642
3143849641
3143849640
3143849639
3143849638
3143849637
3143849636
3143849635
3143849634
3143849633
3143849632
3143849631
3143849630
3143849629
3143849628
3143849627
3143849626
3143849625
3143849624
3143849623
3143849622
3143849621
3143849620
3143849619
3143849618
3143849617
3143849616
3143849615
3143849614
3143849613
3143849612
3143849611
3143849610
3143849609
3143849608
3143849607
3143849606
3143849605
3143849604
3143849603
3143849602
3143849601
3143849600
3143849599
3143849598
3143849597
3143849596
3143849595
3143849594
3143849593
3143849592
3143849591
3143849590
3143849589
3143849588
3143849587
3143849586
3143849585
3143849584
3143849583
3143849582
3143849581
3143849580
3143849579
3143849578
3143849577
3143849576
3143849575
3143849574
3143849573
3143849572
3143849571
3143849570
3143849569
3143849568
3143849567
3143849566
3143849565
3143849564
3143849563
3143849562
3143849561
3143849560
3143849559
3143849558
3143849557
3143849556
3143849555
3143849554
3143849553
3143849552
3143849551
3143849550
3143849549
3143849548
3143849547
3143849546
3143849545
3143849544
3143849543
3143849542
3143849541
3143849540
3143849539
3143849538
3143849537
3143849536
3143849535
3143849534
3143849533
3143849532
3143849531
3143849530
3143849529
3143849528
3143849527
3143849526
3143849525
3143849524
3143849523
3143849522
3143849521
3143849520
3143849519
3143849518
3143849517
3143849516
3143849515
3143849514
3143849513
3143849512
3143849511
3143849510
3143849509
3143849508
3143849507
3143849506
3143849505
3143849504
3143849503
3143849502
3143849501
3143849500
3143849499
3143849498
3143849497
3143849496
3143849495
3143849494
3143849493
3143849492
3143849491
3143849490
3143849489
3143849488
3143849487
3143849486
3143849485
3143849484
3143849483
3143849482
3143849481
3143849480
3143849479
3143849478
3143849477
3143849476
3143849475
3143849474
3143849473
3143849472
3143849471
3143849470
3143849469
3143849468
3143849467
3143849466
3143849465
3143849464
3143849463
3143849462
3143849461
3143849460
3143849459
3143849458
3143849457
3143849456
3143849455
3143849454
3143849453
3143849452
3143849451
3143849450
3143849449
3143849448
3143849447
3143849446
3143849445
3143849444
3143849443
3143849442
3143849441
3143849440
3143849439
3143849438
3143849437
3143849436
3143849435
3143849434
3143849433
3143849432
3143849431
3143849430
3143849429
3143849428
3143849427
3143849426
3143849425
3143849424
3143849423
3143849422
3143849421
3143849420
3143849419
3143849418
3143849417
3143849416
3143849415
3143849414
3143849413
3143849412
3143849411
3143849410
3143849409
3143849408
3143849407
3143849406
3143849405
3143849404
3143849403
3143849402
3143849401
3143849400
3143849399
3143849398
3143849397
3143849396
3143849395
3143849394
3143849393
3143849392
3143849391
3143849390
3143849389
3143849388
3143849387
3143849386
3143849385
3143849384
3143849383
3143849382
3143849381
3143849380
3143849379
3143849378
3143849377
3143849376
3143849375
3143849374
3143849373
3143849372
3143849371
3143849370
3143849369
3143849368
3143849367
3143849366
3143849365
3143849364
3143849363
3143849362
3143849361
3143849360
3143849359
3143849358
3143849357
3143849356
3143849355
3143849354
3143849353
3143849352
3143849351
3143849350
3143849349
3143849348
3143849347
3143849346
3143849345
3143849344
3143849343
3143849342
3143849341
3143849340
3143849339
3143849338
3143849337
3143849336
3143849335
3143849334
3143849333
3143849332
3143849331
3143849330
3143849329
3143849328
3143849327
3143849326
3143849325
3143849324
3143849323
3143849322
3143849321
3143849320
3143849319
3143849318
3143849317
3143849316
3143849315
3143849314
3143849313
3143849312
3143849311
3143849310
3143849309
3143849308
3143849307
3143849306
3143849305
3143849304
3143849303
3143849302
3143849301
3143849300
3143849299
3143849298
3143849297
3143849296
3143849295
3143849294
3143849293
3143849292
3143849291
3143849290
3143849289
3143849288
3143849287
3143849286
3143849285
3143849284
3143849283
3143849282
3143849281
3143849280
3143849279
3143849278
3143849277
3143849276
3143849275
3143849274
3143849273
3143849272
3143849271
3143849270
3143849269
3143849268
3143849267
3143849266
3143849265
3143849264
3143849263
3143849262
3143849261
3143849260
3143849259
3143849258
3143849257
3143849256
3143849255
3143849254
3143849253
3143849252
3143849251
3143849250
3143849249
3143849248
3143849247
3143849246
3143849245
3143849244
3143849243
3143849242
3143849241
3143849240
3143849239
3143849238
3143849237
3143849236
3143849235
3143849234
3143849233
3143849232
3143849231
3143849230
3143849229
3143849228
3143849227
3143849226
3143849225
3143849224
3143849223
3143849222
3143849221
3143849220
3143849219
3143849218
3143849217
3143849216
3143849215
3143849214
3143849213
3143849212
3143849211
3143849210
3143849209
3143849208
3143849207
3143849206
3143849205
3143849204
3143849203
3143849202
3143849201
3143849200
3143849199
3143849198
3143849197
3143849196
3143849195
3143849194
3143849193
3143849192
3143849191
3143849190
3143849189
3143849188
3143849187
3143849186
3143849185
3143849184
3143849183
3143849182
3143849181
3143849180
3143849179
3143849178
3143849177
3143849176
3143849175
3143849174
3143849173
3143849172
3143849171
3143849170
3143849169
3143849168
3143849167
3143849166
3143849165
3143849164
3143849163
3143849162
3143849161
3143849160
3143849159
3143849158
3143849157
3143849156
3143849155
3143849154
3143849153
3143849152
3143849151
3143849150
3143849149
3143849148
3143849147
3143849146
3143849145
3143849144
3143849143
3143849142
3143849141
3143849140
3143849139
3143849138
3143849137
3143849136
3143849135
3143849134
3143849133
3143849132
3143849131
3143849130
3143849129
3143849128
3143849127
3143849126
3143849125
3143849124
3143849123
3143849122
3143849121
3143849120
3143849119
3143849118
3143849117
3143849116
3143849115
3143849114
3143849113
3143849112
3143849111
3143849110
3143849109
3143849108
3143849107
3143849106
3143849105
3143849104
3143849103
3143849102
3143849101
3143849100
3143849099
3143849098
3143849097
3143849096
3143849095
3143849094
3143849093
3143849092
3143849091
3143849090
3143849089
3143849088
3143849087
3143849086
3143849085
3143849084
3143849083
3143849082
3143849081
3143849080
3143849079
3143849078
3143849077
3143849076
3143849075
3143849074
3143849073
3143849072
3143849071
3143849070
3143849069
3143849068
3143849067
3143849066
3143849065
3143849064
3143849063
3143849062
3143849061
3143849060
3143849059
3143849058
3143849057
3143849056
3143849055
3143849054
3143849053
3143849052
3143849051
3143849050
3143849049
3143849048
3143849047
3143849046
3143849045
3143849044
3143849043
3143849042
3143849041
3143849040
3143849039
3143849038
3143849037
3143849036
3143849035
3143849034
3143849033
3143849032
3143849031
3143849030
3143849029
3143849028
3143849027
3143849026
3143849025
3143849024
3143849023
3143849022
3143849021
3143849020
3143849019
3143849018
3143849017
3143849016
3143849015
3143849014
3143849013
3143849012
3143849011
3143849010
3143849009
3143849008
3143849007
3143849006
3143849005
3143849004
3143849003
3143849002
3143849001
3143849000
3143848999
3143848998
3143848997
3143848996
3143848995
3143848994
3143848993
3143848992
3143848991
3143848990
3143848989
3143848988
3143848987
3143848986
3143848985
3143848984
3143848983
3143848982
3143848981
3143848980
3143848979
3143848978
3143848977
3143848976
3143848975
3143848974
3143848973
3143848972
3143848971
3143848970
3143848969
3143848968
3143848967
3143848966
3143848965
3143848964
3143848963
3143848962
3143848961
3143848960
3143848959
3143848958
3143848957
3143848956
3143848955
3143848954
3143848953
3143848952
3143848951
3143848950
3143848949
3143848948
3143848947
3143848946
3143848945
3143848944
3143848943
3143848942
3143848941
3143848940
3143848939
3143848938
3143848937
3143848936
3143848935
3143848934
3143848933
3143848932
3143848931
3143848930
3143848929
3143848928
3143848927
3143848926
3143848925
3143848924
3143848923
3143848922
3143848921
3143848920
3143848919
3143848918
3143848917
3143848916
3143848915
3143848914
3143848913
3143848912
3143848911
3143848910
3143848909
3143848908
3143848907
3143848906
3143848905
3143848904
3143848903
3143848902
3143848901
3143848900
3143848899
3143848898
3143848897
3143848896
3143848895
3143848894
3143848893
3143848892
3143848891
3143848890
3143848889
3143848888
3143848887
3143848886
3143848885
3143848884
3143848883
3143848882
3143848881
3143848880
3143848879
3143848878
3143848877
3143848876
3143848875
3143848874
3143848873
3143848872
3143848871
3143848870
3143848869
3143848868
3143848867
3143848866
3143848865
3143848864
3143848863
3143848862
3143848861
3143848860
3143848859
3143848858
3143848857
3143848856
3143848855
3143848854
3143848853
3143848852
3143848851
3143848850
3143848849
3143848848
3143848847
3143848846
3143848845
3143848844
3143848843
3143848842
3143848841
3143848840
3143848839
3143848838
3143848837
3143848836
3143848835
3143848834
3143848833
3143848832
3143848831
3143848830
3143848829
3143848828
3143848827
3143848826
3143848825
3143848824
3143848823
3143848822
3143848821
3143848820
3143848819
3143848818
3143848817
3143848816
3143848815
3143848814
3143848813
3143848812
3143848811
3143848810
3143848809
3143848808
3143848807
3143848806
3143848805
3143848804
3143848803
3143848802
3143848801
3143848800
3143848799
3143848798
3143848797
3143848796
3143848795
3143848794
3143848793
3143848792
3143848791
3143848790
3143848789
3143848788
3143848787
3143848786
3143848785
3143848784
3143848783
3143848782
3143848781
3143848780
3143848779
3143848778
3143848777
3143848776
3143848775
3143848774
3143848773
3143848772
3143848771
3143848770
3143848769
3143848768
3143848767
3143848766
3143848765
3143848764
3143848763
3143848762
3143848761
3143848760
3143848759
3143848758
3143848757
3143848756
3143848755
3143848754
3143848753
3143848752
3143848751
3143848750
3143848749
3143848748
3143848747
3143848746
3143848745
3143848744
3143848743
3143848742
3143848741
3143848740
3143848739
3143848738
3143848737
3143848736
3143848735
3143848734
3143848733
3143848732
3143848731
3143848730
3143848729
3143848728
3143848727
3143848726
3143848725
3143848724
3143848723
3143848722
3143848721
3143848720
3143848719
3143848718
3143848717
3143848716
3143848715
3143848714
3143848713
3143848712
3143848711
3143848710
3143848709
3143848708
3143848707
3143848706
3143848705
3143848704
3143848703
3143848702
3143848701
3143848700
3143848699
3143848698
3143848697
3143848696
3143848695
3143848694
3143848693
3143848692
3143848691
3143848690
3143848689
3143848688
3143848687
3143848686
3143848685
3143848684
3143848683
3143848682
3143848681
3143848680
3143848679
3143848678
3143848677
3143848676
3143848675
3143848674
3143848673
3143848672
3143848671
3143848670
3143848669
3143848668
3143848667
3143848666
3143848665
3143848664
3143848663
3143848662
3143848661
3143848660
3143848659
3143848658
3143848657
3143848656
3143848655
3143848654
3143848653
3143848652
3143848651
3143848650
3143848649
3143848648
3143848647
3143848646
3143848645
3143848644
3143848643
3143848642
3143848641
3143848640
3143848639
3143848638
3143848637
3143848636
3143848635
3143848634
3143848633
3143848632
3143848631
3143848630
3143848629
3143848628
3143848627
3143848626
3143848625
3143848624
3143848623
3143848622
3143848621
3143848620
3143848619
3143848618
3143848617
3143848616
3143848615
3143848614
3143848613
3143848612
3143848611
3143848610
3143848609
3143848608
3143848607
3143848606
3143848605
3143848604
3143848603
3143848602
3143848601
3143848600
3143848599
3143848598
3143848597
3143848596
3143848595
3143848594
3143848593
3143848592
3143848591
3143848590
3143848589
3143848588
3143848587
3143848586
3143848585
3143848584
3143848583
3143848582
3143848581
3143848580
3143848579
3143848578
3143848577
3143848576
3143848575
3143848574
3143848573
3143848572
3143848571
3143848570
3143848569
3143848568
3143848567
3143848566
3143848565
3143848564
3143848563
3143848562
3143848561
3143848560
3143848559
3143848558
3143848557
3143848556
3143848555
3143848554
3143848553
3143848552
3143848551
3143848550
3143848549
3143848548
3143848547
3143848546
3143848545
3143848544
3143848543
3143848542
3143848541
3143848540
3143848539
3143848538
3143848537
3143848536
3143848535
3143848534
3143848533
3143848532
3143848531
3143848530
3143848529
3143848528
3143848527
3143848526
3143848525
3143848524
3143848523
3143848522
3143848521
3143848520
3143848519
3143848518
3143848517
3143848516
3143848515
3143848514
3143848513
3143848512
3143848511
3143848510
3143848509
3143848508
3143848507
3143848506
3143848505
3143848504
3143848503
3143848502
3143848501
3143848500
3143848499
3143848498
3143848497
3143848496
3143848495
3143848494
3143848493
3143848492
3143848491
3143848490
3143848489
3143848488
3143848487
3143848486
3143848485
3143848484
3143848483
3143848482
3143848481
3143848480
3143848479
3143848478
3143848477
3143848476
3143848475
3143848474
3143848473
3143848472
3143848471
3143848470
3143848469
3143848468
3143848467
3143848466
3143848465
3143848464
3143848463
3143848462
3143848461
3143848460
3143848459
3143848458
3143848457
3143848456
3143848455
3143848454
3143848453
3143848452
3143848451
3143848450
3143848449
3143848448
3143848447
3143848446
3143848445
3143848444
3143848443
3143848442
3143848441
3143848440
3143848439
3143848438
3143848437
3143848436
3143848435
3143848434
3143848433
3143848432
3143848431
3143848430
3143848429
3143848428
3143848427
3143848426
3143848425
3143848424
3143848423
3143848422
3143848421
3143848420
3143848419
3143848418
3143848417
3143848416
3143848415
3143848414
3143848413
3143848412
3143848411
3143848410
3143848409
3143848408
3143848407
3143848406
3143848405
3143848404
3143848403
3143848402
3143848401
3143848400
3143848399
3143848398
3143848397
3143848396
3143848395
3143848394
3143848393
3143848392
3143848391
3143848390
3143848389
3143848388
3143848387
3143848386
3143848385
3143848384
3143848383
3143848382
3143848381
3143848380
3143848379
3143848378
3143848377
3143848376
3143848375
3143848374
3143848373
3143848372
3143848371
3143848370
3143848369
3143848368
3143848367
3143848366
3143848365
3143848364
3143848363
3143848362
3143848361
3143848360
3143848359
3143848358
3143848357
3143848356
3143848355
3143848354
3143848353
3143848352
3143848351
3143848350
3143848349
3143848348
3143848347
3143848346
3143848345
3143848344
3143848343
3143848342
3143848341
3143848340
3143848339
3143848338
3143848337
3143848336
3143848335
3143848334
3143848333
3143848332
3143848331
3143848330
3143848329
3143848328
3143848327
3143848326
3143848325
3143848324
3143848323
3143848322
3143848321
3143848320
3143848319
3143848318
3143848317
3143848316
3143848315
3143848314
3143848313
3143848312
3143848311
3143848310
3143848309
3143848308
3143848307
3143848306
3143848305
3143848304
3143848303
3143848302
3143848301
3143848300
3143848299
3143848298
3143848297
3143848296
3143848295
3143848294
3143848293
3143848292
3143848291
3143848290
3143848289
3143848288
3143848287
3143848286
3143848285
3143848284
3143848283
3143848282
3143848281
3143848280
3143848279
3143848278
3143848277
3143848276
3143848275
3143848274
3143848273
3143848272
3143848271
3143848270
3143848269
3143848268
3143848267
3143848266
3143848265
3143848264
3143848263
3143848262
3143848261
3143848260
3143848259
3143848258
3143848257
3143848256
3143848255
3143848254
3143848253
3143848252
3143848251
3143848250
3143848249
3143848248
3143848247
3143848246
3143848245
3143848244
3143848243
3143848242
3143848241
3143848240
3143848239
3143848238
3143848237
3143848236
3143848235
3143848234
3143848233
3143848232
3143848231
3143848230
3143848229
3143848228
3143848227
3143848226
3143848225
3143848224
3143848223
3143848222
3143848221
3143848220
3143848219
3143848218
3143848217
3143848216
3143848215
3143848214
3143848213
3143848212
3143848211
3143848210
3143848209
3143848208
3143848207
3143848206
3143848205
3143848204
3143848203
3143848202
3143848201
3143848200
3143848199
3143848198
3143848197
3143848196
3143848195
3143848194
3143848193
3143848192
3143848191
3143848190
3143848189
3143848188
3143848187
3143848186
3143848185
3143848184
3143848183
3143848182
3143848181
3143848180
3143848179
3143848178
3143848177
3143848176
3143848175
3143848174
3143848173
3143848172
3143848171
3143848170
3143848169
3143848168
3143848167
3143848166
3143848165
3143848164
3143848163
3143848162
3143848161
3143848160
3143848159
3143848158
3143848157
3143848156
3143848155
3143848154
3143848153
3143848152
3143848151
3143848150
3143848149
3143848148
3143848147
3143848146
3143848145
3143848144
3143848143
3143848142
3143848141
3143848140
3143848139
3143848138
3143848137
3143848136
3143848135
3143848134
3143848133
3143848132
3143848131
3143848130
3143848129
3143848128
3143848127
3143848126
3143848125
3143848124
3143848123
3143848122
3143848121
3143848120
3143848119
3143848118
3143848117
3143848116
3143848115
3143848114
3143848113
3143848112
3143848111
3143848110
3143848109
3143848108
3143848107
3143848106
3143848105
3143848104
3143848103
3143848102
3143848101
3143848100
3143848099
3143848098
3143848097
3143848096
3143848095
3143848094
3143848093
3143848092
3143848091
3143848090
3143848089
3143848088
3143848087
3143848086
3143848085
3143848084
3143848083
3143848082
3143848081
3143848080
3143848079
3143848078
3143848077
3143848076
3143848075
3143848074
3143848073
3143848072
3143848071
3143848070
3143848069
3143848068
3143848067
3143848066
3143848065
3143848064
3143848063
3143848062
3143848061
3143848060
3143848059
3143848058
3143848057
3143848056
3143848055
3143848054
3143848053
3143848052
3143848051
3143848050
3143848049
3143848048
3143848047
3143848046
3143848045
3143848044
3143848043
3143848042
3143848041
3143848040
3143848039
3143848038
3143848037
3143848036
3143848035
3143848034
3143848033
3143848032
3143848031
3143848030
3143848029
3143848028
3143848027
3143848026
3143848025
3143848024
3143848023
3143848022
3143848021
3143848020
3143848019
3143848018
3143848017
3143848016
3143848015
3143848014
3143848013
3143848012
3143848011
3143848010
3143848009
3143848008
3143848007
3143848006
3143848005
3143848004
3143848003
3143848002
3143848001
3143848000
3143847999
3143847998
3143847997
3143847996
3143847995
3143847994
3143847993
3143847992
3143847991
3143847990
3143847989
3143847988
3143847987
3143847986
3143847985
3143847984
3143847983
3143847982
3143847981
3143847980
3143847979
3143847978
3143847977
3143847976
3143847975
3143847974
3143847973
3143847972
3143847971
3143847970
3143847969
3143847968
3143847967
3143847966
3143847965
3143847964
3143847963
3143847962
3143847961
3143847960
3143847959
3143847958
3143847957
3143847956
3143847955
3143847954
3143847953
3143847952
3143847951
3143847950
3143847949
3143847948
3143847947
3143847946
3143847945
3143847944
3143847943
3143847942
3143847941
3143847940
3143847939
3143847938
3143847937
3143847936
3143847935
3143847934
3143847933
3143847932
3143847931
3143847930
3143847929
3143847928
3143847927
3143847926
3143847925
3143847924
3143847923
3143847922
3143847921
3143847920
3143847919
3143847918
3143847917
3143847916
3143847915
3143847914
3143847913
3143847912
3143847911
3143847910
3143847909
3143847908
3143847907
3143847906
3143847905
3143847904
3143847903
3143847902
3143847901
3143847900
3143847899
3143847898
3143847897
3143847896
3143847895
3143847894
3143847893
3143847892
3143847891
3143847890
3143847889
3143847888
3143847887
3143847886
3143847885
3143847884
3143847883
3143847882
3143847881
3143847880
3143847879
3143847878
3143847877
3143847876
3143847875
3143847874
3143847873
3143847872
3143847871
3143847870
3143847869
3143847868
3143847867
3143847866
3143847865
3143847864
3143847863
3143847862
3143847861
3143847860
3143847859
3143847858
3143847857
3143847856
3143847855
3143847854
3143847853
3143847852
3143847851
3143847850
3143847849
3143847848
3143847847
3143847846
3143847845
3143847844
3143847843
3143847842
3143847841
3143847840
3143847839
3143847838
3143847837
3143847836
3143847835
3143847834
3143847833
3143847832
3143847831
3143847830
3143847829
3143847828
3143847827
3143847826
3143847825
3143847824
3143847823
3143847822
3143847821
3143847820
3143847819
3143847818
3143847817
3143847816
3143847815
3143847814
3143847813
3143847812
3143847811
3143847810
3143847809
3143847808
3143847807
3143847806
3143847805
3143847804
3143847803
3143847802
3143847801
3143847800
3143847799
3143847798
3143847797
3143847796
3143847795
3143847794
3143847793
3143847792
3143847791
3143847790
3143847789
3143847788
3143847787
3143847786
3143847785
3143847784
3143847783
3143847782
3143847781
3143847780
3143847779
3143847778
3143847777
3143847776
3143847775
3143847774
3143847773
3143847772
3143847771
3143847770
3143847769
3143847768
3143847767
3143847766
3143847765
3143847764
3143847763
3143847762
3143847761
3143847760
3143847759
3143847758
3143847757
3143847756
3143847755
3143847754
3143847753
3143847752
3143847751
3143847750
3143847749
3143847748
3143847747
3143847746
3143847745
3143847744
3143847743
3143847742
3143847741
3143847740
3143847739
3143847738
3143847737
3143847736
3143847735
3143847734
3143847733
3143847732
3143847731
3143847730
3143847729
3143847728
3143847727
3143847726
3143847725
3143847724
3143847723
3143847722
3143847721
3143847720
3143847719
3143847718
3143847717
3143847716
3143847715
3143847714
3143847713
3143847712
3143847711
3143847710
3143847709
3143847708
3143847707
3143847706
3143847705
3143847704
3143847703
3143847702
3143847701
3143847700
3143847699
3143847698
3143847697
3143847696
3143847695
3143847694
3143847693
3143847692
3143847691
3143847690
3143847689
3143847688
3143847687
3143847686
3143847685
3143847684
3143847683
3143847682
3143847681
3143847680
3143847679
3143847678
3143847677
3143847676
3143847675
3143847674
3143847673
3143847672
3143847671
3143847670
3143847669
3143847668
3143847667
3143847666
3143847665
3143847664
3143847663
3143847662
3143847661
3143847660
3143847659
3143847658
3143847657
3143847656
3143847655
3143847654
3143847653
3143847652
3143847651
3143847650
3143847649
3143847648
3143847647
3143847646
3143847645
3143847644
3143847643
3143847642
3143847641
3143847640
3143847639
3143847638
3143847637
3143847636
3143847635
3143847634
3143847633
3143847632
3143847631
3143847630
3143847629
3143847628
3143847627
3143847626
3143847625
3143847624
3143847623
3143847622
3143847621
3143847620
3143847619
3143847618
3143847617
3143847616
3143847615
3143847614
3143847613
3143847612
3143847611
3143847610
3143847609
3143847608
3143847607
3143847606
3143847605
3143847604
3143847603
3143847602
3143847601
3143847600
3143847599
3143847598
3143847597
3143847596
3143847595
3143847594
3143847593
3143847592
3143847591
3143847590
3143847589
3143847588
3143847587
3143847586
3143847585
3143847584
3143847583
3143847582
3143847581
3143847580
3143847579
3143847578
3143847577
3143847576
3143847575
3143847574
3143847573
3143847572
3143847571
3143847570
3143847569
3143847568
3143847567
3143847566
3143847565
3143847564
3143847563
3143847562
3143847561
3143847560
3143847559
3143847558
3143847557
3143847556
3143847555
3143847554
3143847553
3143847552
3143847551
3143847550
3143847549
3143847548
3143847547
3143847546
3143847545
3143847544
3143847543
3143847542
3143847541
3143847540
3143847539
3143847538
3143847537
3143847536
3143847535
3143847534
3143847533
3143847532
3143847531
3143847530
3143847529
3143847528
3143847527
3143847526
3143847525
3143847524
3143847523
3143847522
3143847521
3143847520
3143847519
3143847518
3143847517
3143847516
3143847515
3143847514
3143847513
3143847512
3143847511
3143847510
3143847509
3143847508
3143847507
3143847506
3143847505
3143847504
3143847503
3143847502
3143847501
3143847500
3143847499
3143847498
3143847497
3143847496
3143847495
3143847494
3143847493
3143847492
3143847491
3143847490
3143847489
3143847488
3143847487
3143847486
3143847485
3143847484
3143847483
3143847482
3143847481
3143847480
3143847479
3143847478
3143847477
3143847476
3143847475
3143847474
3143847473
3143847472
3143847471
3143847470
3143847469
3143847468
3143847467
3143847466
3143847465
3143847464
3143847463
3143847462
3143847461
3143847460
3143847459
3143847458
3143847457
3143847456
3143847455
3143847454
3143847453
3143847452
3143847451
3143847450
3143847449
3143847448
3143847447
3143847446
3143847445
3143847444
3143847443
3143847442
3143847441
3143847440
3143847439
3143847438
3143847437
3143847436
3143847435
3143847434
3143847433
3143847432
3143847431
3143847430
3143847429
3143847428
3143847427
3143847426
3143847425
3143847424
3143847423
3143847422
3143847421
3143847420
3143847419
3143847418
3143847417
3143847416
3143847415
3143847414
3143847413
3143847412
3143847411
3143847410
3143847409
3143847408
3143847407
3143847406
3143847405
3143847404
3143847403
3143847402
3143847401
3143847400
3143847399
3143847398
3143847397
3143847396
3143847395
3143847394
3143847393
3143847392
3143847391
3143847390
3143847389
3143847388
3143847387
3143847386
3143847385
3143847384
3143847383
3143847382
3143847381
3143847380
3143847379
3143847378
3143847377
3143847376
3143847375
3143847374
3143847373
3143847372
3143847371
3143847370
3143847369
3143847368
3143847367
3143847366
3143847365
3143847364
3143847363
3143847362
3143847361
3143847360
3143847359
3143847358
3143847357
3143847356
3143847355
3143847354
3143847353
3143847352
3143847351
3143847350
3143847349
3143847348
3143847347
3143847346
3143847345
3143847344
3143847343
3143847342
3143847341
3143847340
3143847339
3143847338
3143847337
3143847336
3143847335
3143847334
3143847333
3143847332
3143847331
3143847330
3143847329
3143847328
3143847327
3143847326
3143847325
3143847324
3143847323
3143847322
3143847321
3143847320
3143847319
3143847318
3143847317
3143847316
3143847315
3143847314
3143847313
3143847312
3143847311
3143847310
3143847309
3143847308
3143847307
3143847306
3143847305
3143847304
3143847303
3143847302
3143847301
3143847300
3143847299
3143847298
3143847297
3143847296
3143847295
3143847294
3143847293
3143847292
3143847291
3143847290
3143847289
3143847288
3143847287
3143847286
3143847285
3143847284
3143847283
3143847282
3143847281
3143847280
3143847279
3143847278
3143847277
3143847276
3143847275
3143847274
3143847273
3143847272
3143847271
3143847270
3143847269
3143847268
3143847267
3143847266
3143847265
3143847264
3143847263
3143847262
3143847261
3143847260
3143847259
3143847258
3143847257
3143847256
3143847255
3143847254
3143847253
3143847252
3143847251
3143847250
3143847249
3143847248
3143847247
3143847246
3143847245
3143847244
3143847243
3143847242
3143847241
3143847240
3143847239
3143847238
3143847237
3143847236
3143847235
3143847234
3143847233
3143847232
3143847231
3143847230
3143847229
3143847228
3143847227
3143847226
3143847225
3143847224
3143847223
3143847222
3143847221
3143847220
3143847219
3143847218
3143847217
3143847216
3143847215
3143847214
3143847213
3143847212
3143847211
3143847210
3143847209
3143847208
3143847207
3143847206
3143847205
3143847204
3143847203
3143847202
3143847201
3143847200
3143847199
3143847198
3143847197
3143847196
3143847195
3143847194
3143847193
3143847192
3143847191
3143847190
3143847189
3143847188
3143847187
3143847186
3143847185
3143847184
3143847183
3143847182
3143847181
3143847180
3143847179
3143847178
3143847177
3143847176
3143847175
3143847174
3143847173
3143847172
3143847171
3143847170
3143847169
3143847168
3143847167
3143847166
3143847165
3143847164
3143847163
3143847162
3143847161
3143847160
3143847159
3143847158
3143847157
3143847156
3143847155
3143847154
3143847153
3143847152
3143847151
3143847150
3143847149
3143847148
3143847147
3143847146
3143847145
3143847144
3143847143
3143847142
3143847141
3143847140
3143847139
3143847138
3143847137
3143847136
3143847135
3143847134
3143847133
3143847132
3143847131
3143847130
3143847129
3143847128
3143847127
3143847126
3143847125
3143847124
3143847123
3143847122
3143847121
3143847120
3143847119
3143847118
3143847117
3143847116
3143847115
3143847114
3143847113
3143847112
3143847111
3143847110
3143847109
3143847108
3143847107
3143847106
3143847105
3143847104
3143847103
3143847102
3143847101
3143847100
3143847099
3143847098
3143847097
3143847096
3143847095
3143847094
3143847093
3143847092
3143847091
3143847090
3143847089
3143847088
3143847087
3143847086
3143847085
3143847084
3143847083
3143847082
3143847081
3143847080
3143847079
3143847078
3143847077
3143847076
3143847075
3143847074
3143847073
3143847072
3143847071
3143847070
3143847069
3143847068
3143847067
3143847066
3143847065
3143847064
3143847063
3143847062
3143847061
3143847060
3143847059
3143847058
3143847057
3143847056
3143847055
3143847054
3143847053
3143847052
3143847051
3143847050
3143847049
3143847048
3143847047
3143847046
3143847045
3143847044
3143847043
3143847042
3143847041
3143847040
3143847039
3143847038
3143847037
3143847036
3143847035
3143847034
3143847033
3143847032
3143847031
3143847030
3143847029
3143847028
3143847027
3143847026
3143847025
3143847024
3143847023
3143847022
3143847021
3143847020
3143847019
3143847018
3143847017
3143847016
3143847015
3143847014
3143847013
3143847012
3143847011
3143847010
3143847009
3143847008
3143847007
3143847006
3143847005
3143847004
3143847003
3143847002
3143847001
3143847000
3143846999
3143846998
3143846997
3143846996
3143846995
3143846994
3143846993
3143846992
3143846991
3143846990
3143846989
3143846988
3143846987
3143846986
3143846985
3143846984
3143846983
3143846982
3143846981
3143846980
3143846979
3143846978
3143846977
3143846976
3143846975
3143846974
3143846973
3143846972
3143846971
3143846970
3143846969
3143846968
3143846967
3143846966
3143846965
3143846964
3143846963
3143846962
3143846961
3143846960
3143846959
3143846958
3143846957
3143846956
3143846955
3143846954
3143846953
3143846952
3143846951
3143846950
3143846949
3143846948
3143846947
3143846946
3143846945
3143846944
3143846943
3143846942
3143846941
3143846940
3143846939
3143846938
3143846937
3143846936
3143846935
3143846934
3143846933
3143846932
3143846931
3143846930
3143846929
3143846928
3143846927
3143846926
3143846925
3143846924
3143846923
3143846922
3143846921
3143846920
3143846919
3143846918
3143846917
3143846916
3143846915
3143846914
3143846913
3143846912
3143846911
3143846910
3143846909
3143846908
3143846907
3143846906
3143846905
3143846904
3143846903
3143846902
3143846901
3143846900
3143846899
3143846898
3143846897
3143846896
3143846895
3143846894
3143846893
3143846892
3143846891
3143846890
3143846889
3143846888
3143846887
3143846886
3143846885
3143846884
3143846883
3143846882
3143846881
3143846880
3143846879
3143846878
3143846877
3143846876
3143846875
3143846874
3143846873
3143846872
3143846871
3143846870
3143846869
3143846868
3143846867
3143846866
3143846865
3143846864
3143846863
3143846862
3143846861
3143846860
3143846859
3143846858
3143846857
3143846856
3143846855
3143846854
3143846853
3143846852
3143846851
3143846850
3143846849
3143846848
3143846847
3143846846
3143846845
3143846844
3143846843
3143846842
3143846841
3143846840
3143846839
3143846838
3143846837
3143846836
3143846835
3143846834
3143846833
3143846832
3143846831
3143846830
3143846829
3143846828
3143846827
3143846826
3143846825
3143846824
3143846823
3143846822
3143846821
3143846820
3143846819
3143846818
3143846817
3143846816
3143846815
3143846814
3143846813
3143846812
3143846811
3143846810
3143846809
3143846808
3143846807
3143846806
3143846805
3143846804
3143846803
3143846802
3143846801
3143846800
3143846799
3143846798
3143846797
3143846796
3143846795
3143846794
3143846793
3143846792
3143846791
3143846790
3143846789
3143846788
3143846787
3143846786
3143846785
3143846784
3143846783
3143846782
3143846781
3143846780
3143846779
3143846778
3143846777
3143846776
3143846775
3143846774
3143846773
3143846772
3143846771
3143846770
3143846769
3143846768
3143846767
3143846766
3143846765
3143846764
3143846763
3143846762
3143846761
3143846760
3143846759
3143846758
3143846757
3143846756
3143846755
3143846754
3143846753
3143846752
3143846751
3143846750
3143846749
3143846748
3143846747
3143846746
3143846745
3143846744
3143846743
3143846742
3143846741
3143846740
3143846739
3143846738
3143846737
3143846736
3143846735
3143846734
3143846733
3143846732
3143846731
3143846730
3143846729
3143846728
3143846727
3143846726
3143846725
3143846724
3143846723
3143846722
3143846721
3143846720
3143846719
3143846718
3143846717
3143846716
3143846715
3143846714
3143846713
3143846712
3143846711
3143846710
3143846709
3143846708
3143846707
3143846706
3143846705
3143846704
3143846703
3143846702
3143846701
3143846700
3143846699
3143846698
3143846697
3143846696
3143846695
3143846694
3143846693
3143846692
3143846691
3143846690
3143846689
3143846688
3143846687
3143846686
3143846685
3143846684
3143846683
3143846682
3143846681
3143846680
3143846679
3143846678
3143846677
3143846676
3143846675
3143846674
3143846673
3143846672
3143846671
3143846670
3143846669
3143846668
3143846667
3143846666
3143846665
3143846664
3143846663
3143846662
3143846661
3143846660
3143846659
3143846658
3143846657
3143846656
3143846655
3143846654
3143846653
3143846652
3143846651
3143846650
3143846649
3143846648
3143846647
3143846646
3143846645
3143846644
3143846643
3143846642
3143846641
3143846640
3143846639
3143846638
3143846637
3143846636
3143846635
3143846634
3143846633
3143846632
3143846631
3143846630
3143846629
3143846628
3143846627
3143846626
3143846625
3143846624
3143846623
3143846622
3143846621
3143846620
3143846619
3143846618
3143846617
3143846616
3143846615
3143846614
3143846613
3143846612
3143846611
3143846610
3143846609
3143846608
3143846607
3143846606
3143846605
3143846604
3143846603
3143846602
3143846601
3143846600
3143846599
3143846598
3143846597
3143846596
3143846595
3143846594
3143846593
3143846592
3143846591
3143846590
3143846589
3143846588
3143846587
3143846586
3143846585
3143846584
3143846583
3143846582
3143846581
3143846580
3143846579
3143846578
3143846577
3143846576
3143846575
3143846574
3143846573
3143846572
3143846571
3143846570
3143846569
3143846568
3143846567
3143846566
3143846565
3143846564
3143846563
3143846562
3143846561
3143846560
3143846559
3143846558
3143846557
3143846556
3143846555
3143846554
3143846553
3143846552
3143846551
3143846550
3143846549
3143846548
3143846547
3143846546
3143846545
3143846544
3143846543
3143846542
3143846541
3143846540
3143846539
3143846538
3143846537
3143846536
3143846535
3143846534
3143846533
3143846532
3143846531
3143846530
3143846529
3143846528
3143846527
3143846526
3143846525
3143846524
3143846523
3143846522
3143846521
3143846520
3143846519
3143846518
3143846517
3143846516
3143846515
3143846514
3143846513
3143846512
3143846511
3143846510
3143846509
3143846508
3143846507
3143846506
3143846505
3143846504
3143846503
3143846502
3143846501
3143846500
3143846499
3143846498
3143846497
3143846496
3143846495
3143846494
3143846493
3143846492
3143846491
3143846490
3143846489
3143846488
3143846487
3143846486
3143846485
3143846484
3143846483
3143846482
3143846481
3143846480
3143846479
3143846478
3143846477
3143846476
3143846475
3143846474
3143846473
3143846472
3143846471
3143846470
3143846469
3143846468
3143846467
3143846466
3143846465
3143846464
3143846463
3143846462
3143846461
3143846460
3143846459
3143846458
3143846457
3143846456
3143846455
3143846454
3143846453
3143846452
3143846451
3143846450
3143846449
3143846448
3143846447
3143846446
3143846445
3143846444
3143846443
3143846442
3143846441
3143846440
3143846439
3143846438
3143846437
3143846436
3143846435
3143846434
3143846433
3143846432
3143846431
3143846430
3143846429
3143846428
3143846427
3143846426
3143846425
3143846424
3143846423
3143846422
3143846421
3143846420
3143846419
3143846418
3143846417
3143846416
3143846415
3143846414
3143846413
3143846412
3143846411
3143846410
3143846409
3143846408
3143846407
3143846406
3143846405
3143846404
3143846403
3143846402
3143846401
3143846400
3143846399
3143846398
3143846397
3143846396
3143846395
3143846394
3143846393
3143846392
3143846391
3143846390
3143846389
3143846388
3143846387
3143846386
3143846385
3143846384
3143846383
3143846382
3143846381
3143846380
3143846379
3143846378
3143846377
3143846376
3143846375
3143846374
3143846373
3143846372
3143846371
3143846370
3143846369
3143846368
3143846367
3143846366
3143846365
3143846364
3143846363
3143846362
3143846361
3143846360
3143846359
3143846358
3143846357
3143846356
3143846355
3143846354
3143846353
3143846352
3143846351
3143846350
3143846349
3143846348
3143846347
3143846346
3143846345
3143846344
3143846343
3143846342
3143846341
3143846340
3143846339
3143846338
3143846337
3143846336
3143846335
3143846334
3143846333
3143846332
3143846331
3143846330
3143846329
3143846328
3143846327
3143846326
3143846325
3143846324
3143846323
3143846322
3143846321
3143846320
3143846319
3143846318
3143846317
3143846316
3143846315
3143846314
3143846313
3143846312
3143846311
3143846310
3143846309
3143846308
3143846307
3143846306
3143846305
3143846304
3143846303
3143846302
3143846301
3143846300
3143846299
3143846298
3143846297
3143846296
3143846295
3143846294
3143846293
3143846292
3143846291
3143846290
3143846289
3143846288
3143846287
3143846286
3143846285
3143846284
3143846283
3143846282
3143846281
3143846280
3143846279
3143846278
3143846277
3143846276
3143846275
3143846274
3143846273
3143846272
3143846271
3143846270
3143846269
3143846268
3143846267
3143846266
3143846265
3143846264
3143846263
3143846262
3143846261
3143846260
3143846259
3143846258
3143846257
3143846256
3143846255
3143846254
3143846253
3143846252
3143846251
3143846250
3143846249
3143846248
3143846247
3143846246
3143846245
3143846244
3143846243
3143846242
3143846241
3143846240
3143846239
3143846238
3143846237
3143846236
3143846235
3143846234
3143846233
3143846232
3143846231
3143846230
3143846229
3143846228
3143846227
3143846226
3143846225
3143846224
3143846223
3143846222
3143846221
3143846220
3143846219
3143846218
3143846217
3143846216
3143846215
3143846214
3143846213
3143846212
3143846211
3143846210
3143846209
3143846208
3143846207
3143846206
3143846205
3143846204
3143846203
3143846202
3143846201
3143846200
3143846199
3143846198
3143846197
3143846196
3143846195
3143846194
3143846193
3143846192
3143846191
3143846190
3143846189
3143846188
3143846187
3143846186
3143846185
3143846184
3143846183
3143846182
3143846181
3143846180
3143846179
3143846178
3143846177
3143846176
3143846175
3143846174
3143846173
3143846172
3143846171
3143846170
3143846169
3143846168
3143846167
3143846166
3143846165
3143846164
3143846163
3143846162
3143846161
3143846160
3143846159
3143846158
3143846157
3143846156
3143846155
3143846154
3143846153
3143846152
3143846151
3143846150
3143846149
3143846148
3143846147
3143846146
3143846145
3143846144
3143846143
3143846142
3143846141
3143846140
3143846139
3143846138
3143846137
3143846136
3143846135
3143846134
3143846133
3143846132
3143846131
3143846130
3143846129
3143846128
3143846127
3143846126
3143846125
3143846124
3143846123
3143846122
3143846121
3143846120
3143846119
3143846118
3143846117
3143846116
3143846115
3143846114
3143846113
3143846112
3143846111
3143846110
3143846109
3143846108
3143846107
3143846106
3143846105
3143846104
3143846103
3143846102
3143846101
3143846100
3143846099
3143846098
3143846097
3143846096
3143846095
3143846094
3143846093
3143846092
3143846091
3143846090
3143846089
3143846088
3143846087
3143846086
3143846085
3143846084
3143846083
3143846082
3143846081
3143846080
3143846079
3143846078
3143846077
3143846076
3143846075
3143846074
3143846073
3143846072
3143846071
3143846070
3143846069
3143846068
3143846067
3143846066
3143846065
3143846064
3143846063
3143846062
3143846061
3143846060
3143846059
3143846058
3143846057
3143846056
3143846055
3143846054
3143846053
3143846052
3143846051
3143846050
3143846049
3143846048
3143846047
3143846046
3143846045
3143846044
3143846043
3143846042
3143846041
3143846040
3143846039
3143846038
3143846037
3143846036
3143846035
3143846034
3143846033
3143846032
3143846031
3143846030
3143846029
3143846028
3143846027
3143846026
3143846025
3143846024
3143846023
3143846022
3143846021
3143846020
3143846019
3143846018
3143846017
3143846016
3143846015
3143846014
3143846013
3143846012
3143846011
3143846010
3143846009
3143846008
3143846007
3143846006
3143846005
3143846004
3143846003
3143846002
3143846001
3143846000
3143845999
3143845998
3143845997
3143845996
3143845995
3143845994
3143845993
3143845992
3143845991
3143845990
3143845989
3143845988
3143845987
3143845986
3143845985
3143845984
3143845983
3143845982
3143845981
3143845980
3143845979
3143845978
3143845977
3143845976
3143845975
3143845974
3143845973
3143845972
3143845971
3143845970
3143845969
3143845968
3143845967
3143845966
3143845965
3143845964
3143845963
3143845962
3143845961
3143845960
3143845959
3143845958
3143845957
3143845956
3143845955
3143845954
3143845953
3143845952
3143845951
3143845950
3143845949
3143845948
3143845947
3143845946
3143845945
3143845944
3143845943
3143845942
3143845941
3143845940
3143845939
3143845938
3143845937
3143845936
3143845935
3143845934
3143845933
3143845932
3143845931
3143845930
3143845929
3143845928
3143845927
3143845926
3143845925
3143845924
3143845923
3143845922
3143845921
3143845920
3143845919
3143845918
3143845917
3143845916
3143845915
3143845914
3143845913
3143845912
3143845911
3143845910
3143845909
3143845908
3143845907
3143845906
3143845905
3143845904
3143845903
3143845902
3143845901
3143845900
3143845899
3143845898
3143845897
3143845896
3143845895
3143845894
3143845893
3143845892
3143845891
3143845890
3143845889
3143845888
3143845887
3143845886
3143845885
3143845884
3143845883
3143845882
3143845881
3143845880
3143845879
3143845878
3143845877
3143845876
3143845875
3143845874
3143845873
3143845872
3143845871
3143845870
3143845869
3143845868
3143845867
3143845866
3143845865
3143845864
3143845863
3143845862
3143845861
3143845860
3143845859
3143845858
3143845857
3143845856
3143845855
3143845854
3143845853
3143845852
3143845851
3143845850
3143845849
3143845848
3143845847
3143845846
3143845845
3143845844
3143845843
3143845842
3143845841
3143845840
3143845839
3143845838
3143845837
3143845836
3143845835
3143845834
3143845833
3143845832
3143845831
3143845830
3143845829
3143845828
3143845827
3143845826
3143845825
3143845824
3143845823
3143845822
3143845821
3143845820
3143845819
3143845818
3143845817
3143845816
3143845815
3143845814
3143845813
3143845812
3143845811
3143845810
3143845809
3143845808
3143845807
3143845806
3143845805
3143845804
3143845803
3143845802
3143845801
3143845800
3143845799
3143845798
3143845797
3143845796
3143845795
3143845794
3143845793
3143845792
3143845791
3143845790
3143845789
3143845788
3143845787
3143845786
3143845785
3143845784
3143845783
3143845782
3143845781
3143845780
3143845779
3143845778
3143845777
3143845776
3143845775
3143845774
3143845773
3143845772
3143845771
3143845770
3143845769
3143845768
3143845767
3143845766
3143845765
3143845764
3143845763
3143845762
3143845761
3143845760
3143845759
3143845758
3143845757
3143845756
3143845755
3143845754
3143845753
3143845752
3143845751
3143845750
3143845749
3143845748
3143845747
3143845746
3143845745
3143845744
3143845743
3143845742
3143845741
3143845740
3143845739
3143845738
3143845737
3143845736
3143845735
3143845734
3143845733
3143845732
3143845731
3143845730
3143845729
3143845728
3143845727
3143845726
3143845725
3143845724
3143845723
3143845722
3143845721
3143845720
3143845719
3143845718
3143845717
3143845716
3143845715
3143845714
3143845713
3143845712
3143845711
3143845710
3143845709
3143845708
3143845707
3143845706
3143845705
3143845704
3143845703
3143845702
3143845701
3143845700
3143845699
3143845698
3143845697
3143845696
3143845695
3143845694
3143845693
3143845692
3143845691
3143845690
3143845689
3143845688
3143845687
3143845686
3143845685
3143845684
3143845683
3143845682
3143845681
3143845680
3143845679
3143845678
3143845677
3143845676
3143845675
3143845674
3143845673
3143845672
3143845671
3143845670
3143845669
3143845668
3143845667
3143845666
3143845665
3143845664
3143845663
3143845662
3143845661
3143845660
3143845659
3143845658
3143845657
3143845656
3143845655
3143845654
3143845653
3143845652
3143845651
3143845650
3143845649
3143845648
3143845647
3143845646
3143845645
3143845644
3143845643
3143845642
3143845641
3143845640
3143845639
3143845638
3143845637
3143845636
3143845635
3143845634
3143845633
3143845632
3143845631
3143845630
3143845629
3143845628
3143845627
3143845626
3143845625
3143845624
3143845623
3143845622
3143845621
3143845620
3143845619
3143845618
3143845617
3143845616
3143845615
3143845614
3143845613
3143845612
3143845611
3143845610
3143845609
3143845608
3143845607
3143845606
3143845605
3143845604
3143845603
3143845602
3143845601
3143845600
3143845599
3143845598
3143845597
3143845596
3143845595
3143845594
3143845593
3143845592
3143845591
3143845590
3143845589
3143845588
3143845587
3143845586
3143845585
3143845584
3143845583
3143845582
3143845581
3143845580
3143845579
3143845578
3143845577
3143845576
3143845575
3143845574
3143845573
3143845572
3143845571
3143845570
3143845569
3143845568
3143845567
3143845566
3143845565
3143845564
3143845563
3143845562
3143845561
3143845560
3143845559
3143845558
3143845557
3143845556
3143845555
3143845554
3143845553
3143845552
3143845551
3143845550
3143845549
3143845548
3143845547
3143845546
3143845545
3143845544
3143845543
3143845542
3143845541
3143845540
3143845539
3143845538
3143845537
3143845536
3143845535
3143845534
3143845533
3143845532
3143845531
3143845530
3143845529
3143845528
3143845527
3143845526
3143845525
3143845524
3143845523
3143845522
3143845521
3143845520
3143845519
3143845518
3143845517
3143845516
3143845515
3143845514
3143845513
3143845512
3143845511
3143845510
3143845509
3143845508
3143845507
3143845506
3143845505
3143845504
3143845503
3143845502
3143845501
3143845500
3143845499
3143845498
3143845497
3143845496
3143845495
3143845494
3143845493
3143845492
3143845491
3143845490
3143845489
3143845488
3143845487
3143845486
3143845485
3143845484
3143845483
3143845482
3143845481
3143845480
3143845479
3143845478
3143845477
3143845476
3143845475
3143845474
3143845473
3143845472
3143845471
3143845470
3143845469
3143845468
3143845467
3143845466
3143845465
3143845464
3143845463
3143845462
3143845461
3143845460
3143845459
3143845458
3143845457
3143845456
3143845455
3143845454
3143845453
3143845452
3143845451
3143845450
3143845449
3143845448
3143845447
3143845446
3143845445
3143845444
3143845443
3143845442
3143845441
3143845440
3143845439
3143845438
3143845437
3143845436
3143845435
3143845434
3143845433
3143845432
3143845431
3143845430
3143845429
3143845428
3143845427
3143845426
3143845425
3143845424
3143845423
3143845422
3143845421
3143845420
3143845419
3143845418
3143845417
3143845416
3143845415
3143845414
3143845413
3143845412
3143845411
3143845410
3143845409
3143845408
3143845407
3143845406
3143845405
3143845404
3143845403
3143845402
3143845401
3143845400
3143845399
3143845398
3143845397
3143845396
3143845395
3143845394
3143845393
3143845392
3143845391
3143845390
3143845389
3143845388
3143845387
3143845386
3143845385
3143845384
3143845383
3143845382
3143845381
3143845380
3143845379
3143845378
3143845377
3143845376
3143845375
3143845374
3143845373
3143845372
3143845371
3143845370
3143845369
3143845368
3143845367
3143845366
3143845365
3143845364
3143845363
3143845362
3143845361
3143845360
3143845359
3143845358
3143845357
3143845356
3143845355
3143845354
3143845353
3143845352
3143845351
3143845350
3143845349
3143845348
3143845347
3143845346
3143845345
3143845344
3143845343
3143845342
3143845341
3143845340
3143845339
3143845338
3143845337
3143845336
3143845335
3143845334
3143845333
3143845332
3143845331
3143845330
3143845329
3143845328
3143845327
3143845326
3143845325
3143845324
3143845323
3143845322
3143845321
3143845320
3143845319
3143845318
3143845317
3143845316
3143845315
3143845314
3143845313
3143845312
3143845311
3143845310
3143845309
3143845308
3143845307
3143845306
3143845305
3143845304
3143845303
3143845302
3143845301
3143845300
3143845299
3143845298
3143845297
3143845296
3143845295
3143845294
3143845293
3143845292
3143845291
3143845290
3143845289
3143845288
3143845287
3143845286
3143845285
3143845284
3143845283
3143845282
3143845281
3143845280
3143845279
3143845278
3143845277
3143845276
3143845275
3143845274
3143845273
3143845272
3143845271
3143845270
3143845269
3143845268
3143845267
3143845266
3143845265
3143845264
3143845263
3143845262
3143845261
3143845260
3143845259
3143845258
3143845257
3143845256
3143845255
3143845254
3143845253
3143845252
3143845251
3143845250
3143845249
3143845248
3143845247
3143845246
3143845245
3143845244
3143845243
3143845242
3143845241
3143845240
3143845239
3143845238
3143845237
3143845236
3143845235
3143845234
3143845233
3143845232
3143845231
3143845230
3143845229
3143845228
3143845227
3143845226
3143845225
3143845224
3143845223
3143845222
3143845221
3143845220
3143845219
3143845218
3143845217
3143845216
3143845215
3143845214
3143845213
3143845212
3143845211
3143845210
3143845209
3143845208
3143845207
3143845206
3143845205
3143845204
3143845203
3143845202
3143845201
3143845200
3143845199
3143845198
3143845197
3143845196
3143845195
3143845194
3143845193
3143845192
3143845191
3143845190
3143845189
3143845188
3143845187
3143845186
3143845185
3143845184
3143845183
3143845182
3143845181
3143845180
3143845179
3143845178
3143845177
3143845176
3143845175
3143845174
3143845173
3143845172
3143845171
3143845170
3143845169
3143845168
3143845167
3143845166
3143845165
3143845164
3143845163
3143845162
3143845161
3143845160
3143845159
3143845158
3143845157
3143845156
3143845155
3143845154
3143845153
3143845152
3143845151
3143845150
3143845149
3143845148
3143845147
3143845146
3143845145
3143845144
3143845143
3143845142
3143845141
3143845140
3143845139
3143845138
3143845137
3143845136
3143845135
3143845134
3143845133
3143845132
3143845131
3143845130
3143845129
3143845128
3143845127
3143845126
3143845125
3143845124
3143845123
3143845122
3143845121
3143845120
3143845119
3143845118
3143845117
3143845116
3143845115
3143845114
3143845113
3143845112
3143845111
3143845110
3143845109
3143845108
3143845107
3143845106
3143845105
3143845104
3143845103
3143845102
3143845101
3143845100
3143845099
3143845098
3143845097
3143845096
3143845095
3143845094
3143845093
3143845092
3143845091
3143845090
3143845089
3143845088
3143845087
3143845086
3143845085
3143845084
3143845083
3143845082
3143845081
3143845080
3143845079
3143845078
3143845077
3143845076
3143845075
3143845074
3143845073
3143845072
3143845071
3143845070
3143845069
3143845068
3143845067
3143845066
3143845065
3143845064
3143845063
3143845062
3143845061
3143845060
3143845059
3143845058
3143845057
3143845056
3143845055
3143845054
3143845053
3143845052
3143845051
3143845050
3143845049
3143845048
3143845047
3143845046
3143845045
3143845044
3143845043
3143845042
3143845041
3143845040
3143845039
3143845038
3143845037
3143845036
3143845035
3143845034
3143845033
3143845032
3143845031
3143845030
3143845029
3143845028
3143845027
3143845026
3143845025
3143845024
3143845023
3143845022
3143845021
3143845020
3143845019
3143845018
3143845017
3143845016
3143845015
3143845014
3143845013
3143845012
3143845011
3143845010
3143845009
3143845008
3143845007
3143845006
3143845005
3143845004
3143845003
3143845002
3143845001
3143845000
3143844999
3143844998
3143844997
3143844996
3143844995
3143844994
3143844993
3143844992
3143844991
3143844990
3143844989
3143844988
3143844987
3143844986
3143844985
3143844984
3143844983
3143844982
3143844981
3143844980
3143844979
3143844978
3143844977
3143844976
3143844975
3143844974
3143844973
3143844972
3143844971
3143844970
3143844969
3143844968
3143844967
3143844966
3143844965
3143844964
3143844963
3143844962
3143844961
3143844960
3143844959
3143844958
3143844957
3143844956
3143844955
3143844954
3143844953
3143844952
3143844951
3143844950
3143844949
3143844948
3143844947
3143844946
3143844945
3143844944
3143844943
3143844942
3143844941
3143844940
3143844939
3143844938
3143844937
3143844936
3143844935
3143844934
3143844933
3143844932
3143844931
3143844930
3143844929
3143844928
3143844927
3143844926
3143844925
3143844924
3143844923
3143844922
3143844921
3143844920
3143844919
3143844918
3143844917
3143844916
3143844915
3143844914
3143844913
3143844912
3143844911
3143844910
3143844909
3143844908
3143844907
3143844906
3143844905
3143844904
3143844903
3143844902
3143844901
3143844900
3143844899
3143844898
3143844897
3143844896
3143844895
3143844894
3143844893
3143844892
3143844891
3143844890
3143844889
3143844888
3143844887
3143844886
3143844885
3143844884
3143844883
3143844882
3143844881
3143844880
3143844879
3143844878
3143844877
3143844876
3143844875
3143844874
3143844873
3143844872
3143844871
3143844870
3143844869
3143844868
3143844867
3143844866
3143844865
3143844864
3143844863
3143844862
3143844861
3143844860
3143844859
3143844858
3143844857
3143844856
3143844855
3143844854
3143844853
3143844852
3143844851
3143844850
3143844849
3143844848
3143844847
3143844846
3143844845
3143844844
3143844843
3143844842
3143844841
3143844840
3143844839
3143844838
3143844837
3143844836
3143844835
3143844834
3143844833
3143844832
3143844831
3143844830
3143844829
3143844828
3143844827
3143844826
3143844825
3143844824
3143844823
3143844822
3143844821
3143844820
3143844819
3143844818
3143844817
3143844816
3143844815
3143844814
3143844813
3143844812
3143844811
3143844810
3143844809
3143844808
3143844807
3143844806
3143844805
3143844804
3143844803
3143844802
3143844801
3143844800
3143844799
3143844798
3143844797
3143844796
3143844795
3143844794
3143844793
3143844792
3143844791
3143844790
3143844789
3143844788
3143844787
3143844786
3143844785
3143844784
3143844783
3143844782
3143844781
3143844780
3143844779
3143844778
3143844777
3143844776
3143844775
3143844774
3143844773
3143844772
3143844771
3143844770
3143844769
3143844768
3143844767
3143844766
3143844765
3143844764
3143844763
3143844762
3143844761
3143844760
3143844759
3143844758
3143844757
3143844756
3143844755
3143844754
3143844753
3143844752
3143844751
3143844750
3143844749
3143844748
3143844747
3143844746
3143844745
3143844744
3143844743
3143844742
3143844741
3143844740
3143844739
3143844738
3143844737
3143844736
3143844735
3143844734
3143844733
3143844732
3143844731
3143844730
3143844729
3143844728
3143844727
3143844726
3143844725
3143844724
3143844723
3143844722
3143844721
3143844720
3143844719
3143844718
3143844717
3143844716
3143844715
3143844714
3143844713
3143844712
3143844711
3143844710
3143844709
3143844708
3143844707
3143844706
3143844705
3143844704
3143844703
3143844702
3143844701
3143844700
3143844699
3143844698
3143844697
3143844696
3143844695
3143844694
3143844693
3143844692
3143844691
3143844690
3143844689
3143844688
3143844687
3143844686
3143844685
3143844684
3143844683
3143844682
3143844681
3143844680
3143844679
3143844678
3143844677
3143844676
3143844675
3143844674
3143844673
3143844672
3143844671
3143844670
3143844669
3143844668
3143844667
3143844666
3143844665
3143844664
3143844663
3143844662
3143844661
3143844660
3143844659
3143844658
3143844657
3143844656
3143844655
3143844654
3143844653
3143844652
3143844651
3143844650
3143844649
3143844648
3143844647
3143844646
3143844645
3143844644
3143844643
3143844642
3143844641
3143844640
3143844639
3143844638
3143844637
3143844636
3143844635
3143844634
3143844633
3143844632
3143844631
3143844630
3143844629
3143844628
3143844627
3143844626
3143844625
3143844624
3143844623
3143844622
3143844621
3143844620
3143844619
3143844618
3143844617
3143844616
3143844615
3143844614
3143844613
3143844612
3143844611
3143844610
3143844609
3143844608
3143844607
3143844606
3143844605
3143844604
3143844603
3143844602
3143844601
3143844600
3143844599
3143844598
3143844597
3143844596
3143844595
3143844594
3143844593
3143844592
3143844591
3143844590
3143844589
3143844588
3143844587
3143844586
3143844585
3143844584
3143844583
3143844582
3143844581
3143844580
3143844579
3143844578
3143844577
3143844576
3143844575
3143844574
3143844573
3143844572
3143844571
3143844570
3143844569
3143844568
3143844567
3143844566
3143844565
3143844564
3143844563
3143844562
3143844561
3143844560
3143844559
3143844558
3143844557
3143844556
3143844555
3143844554
3143844553
3143844552
3143844551
3143844550
3143844549
3143844548
3143844547
3143844546
3143844545
3143844544
3143844543
3143844542
3143844541
3143844540
3143844539
3143844538
3143844537
3143844536
3143844535
3143844534
3143844533
3143844532
3143844531
3143844530
3143844529
3143844528
3143844527
3143844526
3143844525
3143844524
3143844523
3143844522
3143844521
3143844520
3143844519
3143844518
3143844517
3143844516
3143844515
3143844514
3143844513
3143844512
3143844511
3143844510
3143844509
3143844508
3143844507
3143844506
3143844505
3143844504
3143844503
3143844502
3143844501
3143844500
3143844499
3143844498
3143844497
3143844496
3143844495
3143844494
3143844493
3143844492
3143844491
3143844490
3143844489
3143844488
3143844487
3143844486
3143844485
3143844484
3143844483
3143844482
3143844481
3143844480
3143844479
3143844478
3143844477
3143844476
3143844475
3143844474
3143844473
3143844472
3143844471
3143844470
3143844469
3143844468
3143844467
3143844466
3143844465
3143844464
3143844463
3143844462
3143844461
3143844460
3143844459
3143844458
3143844457
3143844456
3143844455
3143844454
3143844453
3143844452
3143844451
3143844450
3143844449
3143844448
3143844447
3143844446
3143844445
3143844444
3143844443
3143844442
3143844441
3143844440
3143844439
3143844438
3143844437
3143844436
3143844435
3143844434
3143844433
3143844432
3143844431
3143844430
3143844429
3143844428
3143844427
3143844426
3143844425
3143844424
3143844423
3143844422
3143844421
3143844420
3143844419
3143844418
3143844417
3143844416
3143844415
3143844414
3143844413
3143844412
3143844411
3143844410
3143844409
3143844408
3143844407
3143844406
3143844405
3143844404
3143844403
3143844402
3143844401
3143844400
3143844399
3143844398
3143844397
3143844396
3143844395
3143844394
3143844393
3143844392
3143844391
3143844390
3143844389
3143844388
3143844387
3143844386
3143844385
3143844384
3143844383
3143844382
3143844381
3143844380
3143844379
3143844378
3143844377
3143844376
3143844375
3143844374
3143844373
3143844372
3143844371
3143844370
3143844369
3143844368
3143844367
3143844366
3143844365
3143844364
3143844363
3143844362
3143844361
3143844360
3143844359
3143844358
3143844357
3143844356
3143844355
3143844354
3143844353
3143844352
3143844351
3143844350
3143844349
3143844348
3143844347
3143844346
3143844345
3143844344
3143844343
3143844342
3143844341
3143844340
3143844339
3143844338
3143844337
3143844336
3143844335
3143844334
3143844333
3143844332
3143844331
3143844330
3143844329
3143844328
3143844327
3143844326
3143844325
3143844324
3143844323
3143844322
3143844321
3143844320
3143844319
3143844318
3143844317
3143844316
3143844315
3143844314
3143844313
3143844312
3143844311
3143844310
3143844309
3143844308
3143844307
3143844306
3143844305
3143844304
3143844303
3143844302
3143844301
3143844300
3143844299
3143844298
3143844297
3143844296
3143844295
3143844294
3143844293
3143844292
3143844291
3143844290
3143844289
3143844288
3143844287
3143844286
3143844285
3143844284
3143844283
3143844282
3143844281
3143844280
3143844279
3143844278
3143844277
3143844276
3143844275
3143844274
3143844273
3143844272
3143844271
3143844270
3143844269
3143844268
3143844267
3143844266
3143844265
3143844264
3143844263
3143844262
3143844261
3143844260
3143844259
3143844258
3143844257
3143844256
3143844255
3143844254
3143844253
3143844252
3143844251
3143844250
3143844249
3143844248
3143844247
3143844246
3143844245
3143844244
3143844243
3143844242
3143844241
3143844240
3143844239
3143844238
3143844237
3143844236
3143844235
3143844234
3143844233
3143844232
3143844231
3143844230
3143844229
3143844228
3143844227
3143844226
3143844225
3143844224
3143844223
3143844222
3143844221
3143844220
3143844219
3143844218
3143844217
3143844216
3143844215
3143844214
3143844213
3143844212
3143844211
3143844210
3143844209
3143844208
3143844207
3143844206
3143844205
3143844204
3143844203
3143844202
3143844201
3143844200
3143844199
3143844198
3143844197
3143844196
3143844195
3143844194
3143844193
3143844192
3143844191
3143844190
3143844189
3143844188
3143844187
3143844186
3143844185
3143844184
3143844183
3143844182
3143844181
3143844180
3143844179
3143844178
3143844177
3143844176
3143844175
3143844174
3143844173
3143844172
3143844171
3143844170
3143844169
3143844168
3143844167
3143844166
3143844165
3143844164
3143844163
3143844162
3143844161
3143844160
3143844159
3143844158
3143844157
3143844156
3143844155
3143844154
3143844153
3143844152
3143844151
3143844150
3143844149
3143844148
3143844147
3143844146
3143844145
3143844144
3143844143
3143844142
3143844141
3143844140
3143844139
3143844138
3143844137
3143844136
3143844135
3143844134
3143844133
3143844132
3143844131
3143844130
3143844129
3143844128
3143844127
3143844126
3143844125
3143844124
3143844123
3143844122
3143844121
3143844120
3143844119
3143844118
3143844117
3143844116
3143844115
3143844114
3143844113
3143844112
3143844111
3143844110
3143844109
3143844108
3143844107
3143844106
3143844105
3143844104
3143844103
3143844102
3143844101
3143844100
3143844099
3143844098
3143844097
3143844096
3143844095
3143844094
3143844093
3143844092
3143844091
3143844090
3143844089
3143844088
3143844087
3143844086
3143844085
3143844084
3143844083
3143844082
3143844081
3143844080
3143844079
3143844078
3143844077
3143844076
3143844075
3143844074
3143844073
3143844072
3143844071
3143844070
3143844069
3143844068
3143844067
3143844066
3143844065
3143844064
3143844063
3143844062
3143844061
3143844060
3143844059
3143844058
3143844057
3143844056
3143844055
3143844054
3143844053
3143844052
3143844051
3143844050
3143844049
3143844048
3143844047
3143844046
3143844045
3143844044
3143844043
3143844042
3143844041
3143844040
3143844039
3143844038
3143844037
3143844036
3143844035
3143844034
3143844033
3143844032
3143844031
3143844030
3143844029
3143844028
3143844027
3143844026
3143844025
3143844024
3143844023
3143844022
3143844021
3143844020
3143844019
3143844018
3143844017
3143844016
3143844015
3143844014
3143844013
3143844012
3143844011
3143844010
3143844009
3143844008
3143844007
3143844006
3143844005
3143844004
3143844003
3143844002
3143844001
3143844000
3143843999
3143843998
3143843997
3143843996
3143843995
3143843994
3143843993
3143843992
3143843991
3143843990
3143843989
3143843988
3143843987
3143843986
3143843985
3143843984
3143843983
3143843982
3143843981
3143843980
3143843979
3143843978
3143843977
3143843976
3143843975
3143843974
3143843973
3143843972
3143843971
3143843970
3143843969
3143843968
3143843967
3143843966
3143843965
3143843964
3143843963
3143843962
3143843961
3143843960
3143843959
3143843958
3143843957
3143843956
3143843955
3143843954
3143843953
3143843952
3143843951
3143843950
3143843949
3143843948
3143843947
3143843946
3143843945
3143843944
3143843943
3143843942
3143843941
3143843940
3143843939
3143843938
3143843937
3143843936
3143843935
3143843934
3143843933
3143843932
3143843931
3143843930
3143843929
3143843928
3143843927
3143843926
3143843925
3143843924
3143843923
3143843922
3143843921
3143843920
3143843919
3143843918
3143843917
3143843916
3143843915
3143843914
3143843913
3143843912
3143843911
3143843910
3143843909
3143843908
3143843907
3143843906
3143843905
3143843904
3143843903
3143843902
3143843901
3143843900
3143843899
3143843898
3143843897
3143843896
3143843895
3143843894
3143843893
3143843892
3143843891
3143843890
3143843889
3143843888
3143843887
3143843886
3143843885
3143843884
3143843883
3143843882
3143843881
3143843880
3143843879
3143843878
3143843877
3143843876
3143843875
3143843874
3143843873
3143843872
3143843871
3143843870
3143843869
3143843868
3143843867
3143843866
3143843865
3143843864
3143843863
3143843862
3143843861
3143843860
3143843859
3143843858
3143843857
3143843856
3143843855
3143843854
3143843853
3143843852
3143843851
3143843850
3143843849
3143843848
3143843847
3143843846
3143843845
3143843844
3143843843
3143843842
3143843841
3143843840
3143843839
3143843838
3143843837
3143843836
3143843835
3143843834
3143843833
3143843832
3143843831
3143843830
3143843829
3143843828
3143843827
3143843826
3143843825
3143843824
3143843823
3143843822
3143843821
3143843820
3143843819
3143843818
3143843817
3143843816
3143843815
3143843814
3143843813
3143843812
3143843811
3143843810
3143843809
3143843808
3143843807
3143843806
3143843805
3143843804
3143843803
3143843802
3143843801
3143843800
3143843799
3143843798
3143843797
3143843796
3143843795
3143843794
3143843793
3143843792
3143843791
3143843790
3143843789
3143843788
3143843787
3143843786
3143843785
3143843784
3143843783
3143843782
3143843781
3143843780
3143843779
3143843778
3143843777
3143843776
3143843775
3143843774
3143843773
3143843772
3143843771
3143843770
3143843769
3143843768
3143843767
3143843766
3143843765
3143843764
3143843763
3143843762
3143843761
3143843760
3143843759
3143843758
3143843757
3143843756
3143843755
3143843754
3143843753
3143843752
3143843751
3143843750
3143843749
3143843748
3143843747
3143843746
3143843745
3143843744
3143843743
3143843742
3143843741
3143843740
3143843739
3143843738
3143843737
3143843736
3143843735
3143843734
3143843733
3143843732
3143843731
3143843730
3143843729
3143843728
3143843727
3143843726
3143843725
3143843724
3143843723
3143843722
3143843721
3143843720
3143843719
3143843718
3143843717
3143843716
3143843715
3143843714
3143843713
3143843712
3143843711
3143843710
3143843709
3143843708
3143843707
3143843706
3143843705
3143843704
3143843703
3143843702
3143843701
3143843700
3143843699
3143843698
3143843697
3143843696
3143843695
3143843694
3143843693
3143843692
3143843691
3143843690
3143843689
3143843688
3143843687
3143843686
3143843685
3143843684
3143843683
3143843682
3143843681
3143843680
3143843679
3143843678
3143843677
3143843676
3143843675
3143843674
3143843673
3143843672
3143843671
3143843670
3143843669
3143843668
3143843667
3143843666
3143843665
3143843664
3143843663
3143843662
3143843661
3143843660
3143843659
3143843658
3143843657
3143843656
3143843655
3143843654
3143843653
3143843652
3143843651
3143843650
3143843649
3143843648
3143843647
3143843646
3143843645
3143843644
3143843643
3143843642
3143843641
3143843640
3143843639
3143843638
3143843637
3143843636
3143843635
3143843634
3143843633
3143843632
3143843631
3143843630
3143843629
3143843628
3143843627
3143843626
3143843625
3143843624
3143843623
3143843622
3143843621
3143843620
3143843619
3143843618
3143843617
3143843616
3143843615
3143843614
3143843613
3143843612
3143843611
3143843610
3143843609
3143843608
3143843607
3143843606
3143843605
3143843604
3143843603
3143843602
3143843601
3143843600
3143843599
3143843598
3143843597
3143843596
3143843595
3143843594
3143843593
3143843592
3143843591
3143843590
3143843589
3143843588
3143843587
3143843586
3143843585
3143843584
3143843583
3143843582
3143843581
3143843580
3143843579
3143843578
3143843577
3143843576
3143843575
3143843574
3143843573
3143843572
3143843571
3143843570
3143843569
3143843568
3143843567
3143843566
3143843565
3143843564
3143843563
3143843562
3143843561
3143843560
3143843559
3143843558
3143843557
3143843556
3143843555
3143843554
3143843553
3143843552
3143843551
3143843550
3143843549
3143843548
3143843547
3143843546
3143843545
3143843544
3143843543
3143843542
3143843541
3143843540
3143843539
3143843538
3143843537
3143843536
3143843535
3143843534
3143843533
3143843532
3143843531
3143843530
3143843529
3143843528
3143843527
3143843526
3143843525
3143843524
3143843523
3143843522
3143843521
3143843520
3143843519
3143843518
3143843517
3143843516
3143843515
3143843514
3143843513
3143843512
3143843511
3143843510
3143843509
3143843508
3143843507
3143843506
3143843505
3143843504
3143843503
3143843502
3143843501
3143843500
3143843499
3143843498
3143843497
3143843496
3143843495
3143843494
3143843493
3143843492
3143843491
3143843490
3143843489
3143843488
3143843487
3143843486
3143843485
3143843484
3143843483
3143843482
3143843481
3143843480
3143843479
3143843478
3143843477
3143843476
3143843475
3143843474
3143843473
3143843472
3143843471
3143843470
3143843469
3143843468
3143843467
3143843466
3143843465
3143843464
3143843463
3143843462
3143843461
3143843460
3143843459
3143843458
3143843457
3143843456
3143843455
3143843454
3143843453
3143843452
3143843451
3143843450
3143843449
3143843448
3143843447
3143843446
3143843445
3143843444
3143843443
3143843442
3143843441
3143843440
3143843439
3143843438
3143843437
3143843436
3143843435
3143843434
3143843433
3143843432
3143843431
3143843430
3143843429
3143843428
3143843427
3143843426
3143843425
3143843424
3143843423
3143843422
3143843421
3143843420
3143843419
3143843418
3143843417
3143843416
3143843415
3143843414
3143843413
3143843412
3143843411
3143843410
3143843409
3143843408
3143843407
3143843406
3143843405
3143843404
3143843403
3143843402
3143843401
3143843400
3143843399
3143843398
3143843397
3143843396
3143843395
3143843394
3143843393
3143843392
3143843391
3143843390
3143843389
3143843388
3143843387
3143843386
3143843385
3143843384
3143843383
3143843382
3143843381
3143843380
3143843379
3143843378
3143843377
3143843376
3143843375
3143843374
3143843373
3143843372
3143843371
3143843370
3143843369
3143843368
3143843367
3143843366
3143843365
3143843364
3143843363
3143843362
3143843361
3143843360
3143843359
3143843358
3143843357
3143843356
3143843355
3143843354
3143843353
3143843352
3143843351
3143843350
3143843349
3143843348
3143843347
3143843346
3143843345
3143843344
3143843343
3143843342
3143843341
3143843340
3143843339
3143843338
3143843337
3143843336
3143843335
3143843334
3143843333
3143843332
3143843331
3143843330
3143843329
3143843328
3143843327
3143843326
3143843325
3143843324
3143843323
3143843322
3143843321
3143843320
3143843319
3143843318
3143843317
3143843316
3143843315
3143843314
3143843313
3143843312
3143843311
3143843310
3143843309
3143843308
3143843307
3143843306
3143843305
3143843304
3143843303
3143843302
3143843301
3143843300
3143843299
3143843298
3143843297
3143843296
3143843295
3143843294
3143843293
3143843292
3143843291
3143843290
3143843289
3143843288
3143843287
3143843286
3143843285
3143843284
3143843283
3143843282
3143843281
3143843280
3143843279
3143843278
3143843277
3143843276
3143843275
3143843274
3143843273
3143843272
3143843271
3143843270
3143843269
3143843268
3143843267
3143843266
3143843265
3143843264
3143843263
3143843262
3143843261
3143843260
3143843259
3143843258
3143843257
3143843256
3143843255
3143843254
3143843253
3143843252
3143843251
3143843250
3143843249
3143843248
3143843247
3143843246
3143843245
3143843244
3143843243
3143843242
3143843241
3143843240
3143843239
3143843238
3143843237
3143843236
3143843235
3143843234
3143843233
3143843232
3143843231
3143843230
3143843229
3143843228
3143843227
3143843226
3143843225
3143843224
3143843223
3143843222
3143843221
3143843220
3143843219
3143843218
3143843217
3143843216
3143843215
3143843214
3143843213
3143843212
3143843211
3143843210
3143843209
3143843208
3143843207
3143843206
3143843205
3143843204
3143843203
3143843202
3143843201
3143843200
3143843199
3143843198
3143843197
3143843196
3143843195
3143843194
3143843193
3143843192
3143843191
3143843190
3143843189
3143843188
3143843187
3143843186
3143843185
3143843184
3143843183
3143843182
3143843181
3143843180
3143843179
3143843178
3143843177
3143843176
3143843175
3143843174
3143843173
3143843172
3143843171
3143843170
3143843169
3143843168
3143843167
3143843166
3143843165
3143843164
3143843163
3143843162
3143843161
3143843160
3143843159
3143843158
3143843157
3143843156
3143843155
3143843154
3143843153
3143843152
3143843151
3143843150
3143843149
3143843148
3143843147
3143843146
3143843145
3143843144
3143843143
3143843142
3143843141
3143843140
3143843139
3143843138
3143843137
3143843136
3143843135
3143843134
3143843133
3143843132
3143843131
3143843130
3143843129
3143843128
3143843127
3143843126
3143843125
3143843124
3143843123
3143843122
3143843121
3143843120
3143843119
3143843118
3143843117
3143843116
3143843115
3143843114
3143843113
3143843112
3143843111
3143843110
3143843109
3143843108
3143843107
3143843106
3143843105
3143843104
3143843103
3143843102
3143843101
3143843100
3143843099
3143843098
3143843097
3143843096
3143843095
3143843094
3143843093
3143843092
3143843091
3143843090
3143843089
3143843088
3143843087
3143843086
3143843085
3143843084
3143843083
3143843082
3143843081
3143843080
3143843079
3143843078
3143843077
3143843076
3143843075
3143843074
3143843073
3143843072
3143843071
3143843070
3143843069
3143843068
3143843067
3143843066
3143843065
3143843064
3143843063
3143843062
3143843061
3143843060
3143843059
3143843058
3143843057
3143843056
3143843055
3143843054
3143843053
3143843052
3143843051
3143843050
3143843049
3143843048
3143843047
3143843046
3143843045
3143843044
3143843043
3143843042
3143843041
3143843040
3143843039
3143843038
3143843037
3143843036
3143843035
3143843034
3143843033
3143843032
3143843031
3143843030
3143843029
3143843028
3143843027
3143843026
3143843025
3143843024
3143843023
3143843022
3143843021
3143843020
3143843019
3143843018
3143843017
3143843016
3143843015
3143843014
3143843013
3143843012
3143843011
3143843010
3143843009
3143843008
3143843007
3143843006
3143843005
3143843004
3143843003
3143843002
3143843001
3143843000
3143842999
3143842998
3143842997
3143842996
3143842995
3143842994
3143842993
3143842992
3143842991
3143842990
3143842989
3143842988
3143842987
3143842986
3143842985
3143842984
3143842983
3143842982
3143842981
3143842980
3143842979
3143842978
3143842977
3143842976
3143842975
3143842974
3143842973
3143842972
3143842971
3143842970
3143842969
3143842968
3143842967
3143842966
3143842965
3143842964
3143842963
3143842962
3143842961
3143842960
3143842959
3143842958
3143842957
3143842956
3143842955
3143842954
3143842953
3143842952
3143842951
3143842950
3143842949
3143842948
3143842947
3143842946
3143842945
3143842944
3143842943
3143842942
3143842941
3143842940
3143842939
3143842938
3143842937
3143842936
3143842935
3143842934
3143842933
3143842932
3143842931
3143842930
3143842929
3143842928
3143842927
3143842926
3143842925
3143842924
3143842923
3143842922
3143842921
3143842920
3143842919
3143842918
3143842917
3143842916
3143842915
3143842914
3143842913
3143842912
3143842911
3143842910
3143842909
3143842908
3143842907
3143842906
3143842905
3143842904
3143842903
3143842902
3143842901
3143842900
3143842899
3143842898
3143842897
3143842896
3143842895
3143842894
3143842893
3143842892
3143842891
3143842890
3143842889
3143842888
3143842887
3143842886
3143842885
3143842884
3143842883
3143842882
3143842881
3143842880
3143842879
3143842878
3143842877
3143842876
3143842875
3143842874
3143842873
3143842872
3143842871
3143842870
3143842869
3143842868
3143842867
3143842866
3143842865
3143842864
3143842863
3143842862
3143842861
3143842860
3143842859
3143842858
3143842857
3143842856
3143842855
3143842854
3143842853
3143842852
3143842851
3143842850
3143842849
3143842848
3143842847
3143842846
3143842845
3143842844
3143842843
3143842842
3143842841
3143842840
3143842839
3143842838
3143842837
3143842836
3143842835
3143842834
3143842833
3143842832
3143842831
3143842830
3143842829
3143842828
3143842827
3143842826
3143842825
3143842824
3143842823
3143842822
3143842821
3143842820
3143842819
3143842818
3143842817
3143842816
3143842815
3143842814
3143842813
3143842812
3143842811
3143842810
3143842809
3143842808
3143842807
3143842806
3143842805
3143842804
3143842803
3143842802
3143842801
3143842800
3143842799
3143842798
3143842797
3143842796
3143842795
3143842794
3143842793
3143842792
3143842791
3143842790
3143842789
3143842788
3143842787
3143842786
3143842785
3143842784
3143842783
3143842782
3143842781
3143842780
3143842779
3143842778
3143842777
3143842776
3143842775
3143842774
3143842773
3143842772
3143842771
3143842770
3143842769
3143842768
3143842767
3143842766
3143842765
3143842764
3143842763
3143842762
3143842761
3143842760
3143842759
3143842758
3143842757
3143842756
3143842755
3143842754
3143842753
3143842752
3143842751
3143842750
3143842749
3143842748
3143842747
3143842746
3143842745
3143842744
3143842743
3143842742
3143842741
3143842740
3143842739
3143842738
3143842737
3143842736
3143842735
3143842734
3143842733
3143842732
3143842731
3143842730
3143842729
3143842728
3143842727
3143842726
3143842725
3143842724
3143842723
3143842722
3143842721
3143842720
3143842719
3143842718
3143842717
3143842716
3143842715
3143842714
3143842713
3143842712
3143842711
3143842710
3143842709
3143842708
3143842707
3143842706
3143842705
3143842704
3143842703
3143842702
3143842701
3143842700
3143842699
3143842698
3143842697
3143842696
3143842695
3143842694
3143842693
3143842692
3143842691
3143842690
3143842689
3143842688
3143842687
3143842686
3143842685
3143842684
3143842683
3143842682
3143842681
3143842680
3143842679
3143842678
3143842677
3143842676
3143842675
3143842674
3143842673
3143842672
3143842671
3143842670
3143842669
3143842668
3143842667
3143842666
3143842665
3143842664
3143842663
3143842662
3143842661
3143842660
3143842659
3143842658
3143842657
3143842656
3143842655
3143842654
3143842653
3143842652
3143842651
3143842650
3143842649
3143842648
3143842647
3143842646
3143842645
3143842644
3143842643
3143842642
3143842641
3143842640
3143842639
3143842638
3143842637
3143842636
3143842635
3143842634
3143842633
3143842632
3143842631
3143842630
3143842629
3143842628
3143842627
3143842626
3143842625
3143842624
3143842623
3143842622
3143842621
3143842620
3143842619
3143842618
3143842617
3143842616
3143842615
3143842614
3143842613
3143842612
3143842611
3143842610
3143842609
3143842608
3143842607
3143842606
3143842605
3143842604
3143842603
3143842602
3143842601
3143842600
3143842599
3143842598
3143842597
3143842596
3143842595
3143842594
3143842593
3143842592
3143842591
3143842590
3143842589
3143842588
3143842587
3143842586
3143842585
3143842584
3143842583
3143842582
3143842581
3143842580
3143842579
3143842578
3143842577
3143842576
3143842575
3143842574
3143842573
3143842572
3143842571
3143842570
3143842569
3143842568
3143842567
3143842566
3143842565
3143842564
3143842563
3143842562
3143842561
3143842560
3143842559
3143842558
3143842557
3143842556
3143842555
3143842554
3143842553
3143842552
3143842551
3143842550
3143842549
3143842548
3143842547
3143842546
3143842545
3143842544
3143842543
3143842542
3143842541
3143842540
3143842539
3143842538
3143842537
3143842536
3143842535
3143842534
3143842533
3143842532
3143842531
3143842530
3143842529
3143842528
3143842527
3143842526
3143842525
3143842524
3143842523
3143842522
3143842521
3143842520
3143842519
3143842518
3143842517
3143842516
3143842515
3143842514
3143842513
3143842512
3143842511
3143842510
3143842509
3143842508
3143842507
3143842506
3143842505
3143842504
3143842503
3143842502
3143842501
3143842500
3143842499
3143842498
3143842497
3143842496
3143842495
3143842494
3143842493
3143842492
3143842491
3143842490
3143842489
3143842488
3143842487
3143842486
3143842485
3143842484
3143842483
3143842482
3143842481
3143842480
3143842479
3143842478
3143842477
3143842476
3143842475
3143842474
3143842473
3143842472
3143842471
3143842470
3143842469
3143842468
3143842467
3143842466
3143842465
3143842464
3143842463
3143842462
3143842461
3143842460
3143842459
3143842458
3143842457
3143842456
3143842455
3143842454
3143842453
3143842452
3143842451
3143842450
3143842449
3143842448
3143842447
3143842446
3143842445
3143842444
3143842443
3143842442
3143842441
3143842440
3143842439
3143842438
3143842437
3143842436
3143842435
3143842434
3143842433
3143842432
3143842431
3143842430
3143842429
3143842428
3143842427
3143842426
3143842425
3143842424
3143842423
3143842422
3143842421
3143842420
3143842419
3143842418
3143842417
3143842416
3143842415
3143842414
3143842413
3143842412
3143842411
3143842410
3143842409
3143842408
3143842407
3143842406
3143842405
3143842404
3143842403
3143842402
3143842401
3143842400
3143842399
3143842398
3143842397
3143842396
3143842395
3143842394
3143842393
3143842392
3143842391
3143842390
3143842389
3143842388
3143842387
3143842386
3143842385
3143842384
3143842383
3143842382
3143842381
3143842380
3143842379
3143842378
3143842377
3143842376
3143842375
3143842374
3143842373
3143842372
3143842371
3143842370
3143842369
3143842368
3143842367
3143842366
3143842365
3143842364
3143842363
3143842362
3143842361
3143842360
3143842359
3143842358
3143842357
3143842356
3143842355
3143842354
3143842353
3143842352
3143842351
3143842350
3143842349
3143842348
3143842347
3143842346
3143842345
3143842344
3143842343
3143842342
3143842341
3143842340
3143842339
3143842338
3143842337
3143842336
3143842335
3143842334
3143842333
3143842332
3143842331
3143842330
3143842329
3143842328
3143842327
3143842326
3143842325
3143842324
3143842323
3143842322
3143842321
3143842320
3143842319
3143842318
3143842317
3143842316
3143842315
3143842314
3143842313
3143842312
3143842311
3143842310
3143842309
3143842308
3143842307
3143842306
3143842305
3143842304
3143842303
3143842302
3143842301
3143842300
3143842299
3143842298
3143842297
3143842296
3143842295
3143842294
3143842293
3143842292
3143842291
3143842290
3143842289
3143842288
3143842287
3143842286
3143842285
3143842284
3143842283
3143842282
3143842281
3143842280
3143842279
3143842278
3143842277
3143842276
3143842275
3143842274
3143842273
3143842272
3143842271
3143842270
3143842269
3143842268
3143842267
3143842266
3143842265
3143842264
3143842263
3143842262
3143842261
3143842260
3143842259
3143842258
3143842257
3143842256
3143842255
3143842254
3143842253
3143842252
3143842251
3143842250
3143842249
3143842248
3143842247
3143842246
3143842245
3143842244
3143842243
3143842242
3143842241
3143842240
3143842239
3143842238
3143842237
3143842236
3143842235
3143842234
3143842233
3143842232
3143842231
3143842230
3143842229
3143842228
3143842227
3143842226
3143842225
3143842224
3143842223
3143842222
3143842221
3143842220
3143842219
3143842218
3143842217
3143842216
3143842215
3143842214
3143842213
3143842212
3143842211
3143842210
3143842209
3143842208
3143842207
3143842206
3143842205
3143842204
3143842203
3143842202
3143842201
3143842200
3143842199
3143842198
3143842197
3143842196
3143842195
3143842194
3143842193
3143842192
3143842191
3143842190
3143842189
3143842188
3143842187
3143842186
3143842185
3143842184
3143842183
3143842182
3143842181
3143842180
3143842179
3143842178
3143842177
3143842176
3143842175
3143842174
3143842173
3143842172
3143842171
3143842170
3143842169
3143842168
3143842167
3143842166
3143842165
3143842164
3143842163
3143842162
3143842161
3143842160
3143842159
3143842158
3143842157
3143842156
3143842155
3143842154
3143842153
3143842152
3143842151
3143842150
3143842149
3143842148
3143842147
3143842146
3143842145
3143842144
3143842143
3143842142
3143842141
3143842140
3143842139
3143842138
3143842137
3143842136
3143842135
3143842134
3143842133
3143842132
3143842131
3143842130
3143842129
3143842128
3143842127
3143842126
3143842125
3143842124
3143842123
3143842122
3143842121
3143842120
3143842119
3143842118
3143842117
3143842116
3143842115
3143842114
3143842113
3143842112
3143842111
3143842110
3143842109
3143842108
3143842107
3143842106
3143842105
3143842104
3143842103
3143842102
3143842101
3143842100
3143842099
3143842098
3143842097
3143842096
3143842095
3143842094
3143842093
3143842092
3143842091
3143842090
3143842089
3143842088
3143842087
3143842086
3143842085
3143842084
3143842083
3143842082
3143842081
3143842080
3143842079
3143842078
3143842077
3143842076
3143842075
3143842074
3143842073
3143842072
3143842071
3143842070
3143842069
3143842068
3143842067
3143842066
3143842065
3143842064
3143842063
3143842062
3143842061
3143842060
3143842059
3143842058
3143842057
3143842056
3143842055
3143842054
3143842053
3143842052
3143842051
3143842050
3143842049
3143842048
3143842047
3143842046
3143842045
3143842044
3143842043
3143842042
3143842041
3143842040
3143842039
3143842038
3143842037
3143842036
3143842035
3143842034
3143842033
3143842032
3143842031
3143842030
3143842029
3143842028
3143842027
3143842026
3143842025
3143842024
3143842023
3143842022
3143842021
3143842020
3143842019
3143842018
3143842017
3143842016
3143842015
3143842014
3143842013
3143842012
3143842011
3143842010
3143842009
3143842008
3143842007
3143842006
3143842005
3143842004
3143842003
3143842002
3143842001
3143842000
3143841999
3143841998
3143841997
3143841996
3143841995
3143841994
3143841993
3143841992
3143841991
3143841990
3143841989
3143841988
3143841987
3143841986
3143841985
3143841984
3143841983
3143841982
3143841981
3143841980
3143841979
3143841978
3143841977
3143841976
3143841975
3143841974
3143841973
3143841972
3143841971
3143841970
3143841969
3143841968
3143841967
3143841966
3143841965
3143841964
3143841963
3143841962
3143841961
3143841960
3143841959
3143841958
3143841957
3143841956
3143841955
3143841954
3143841953
3143841952
3143841951
3143841950
3143841949
3143841948
3143841947
3143841946
3143841945
3143841944
3143841943
3143841942
3143841941
3143841940
3143841939
3143841938
3143841937
3143841936
3143841935
3143841934
3143841933
3143841932
3143841931
3143841930
3143841929
3143841928
3143841927
3143841926
3143841925
3143841924
3143841923
3143841922
3143841921
3143841920
3143841919
3143841918
3143841917
3143841916
3143841915
3143841914
3143841913
3143841912
3143841911
3143841910
3143841909
3143841908
3143841907
3143841906
3143841905
3143841904
3143841903
3143841902
3143841901
3143841900
3143841899
3143841898
3143841897
3143841896
3143841895
3143841894
3143841893
3143841892
3143841891
3143841890
3143841889
3143841888
3143841887
3143841886
3143841885
3143841884
3143841883
3143841882
3143841881
3143841880
3143841879
3143841878
3143841877
3143841876
3143841875
3143841874
3143841873
3143841872
3143841871
3143841870
3143841869
3143841868
3143841867
3143841866
3143841865
3143841864
3143841863
3143841862
3143841861
3143841860
3143841859
3143841858
3143841857
3143841856
3143841855
3143841854
3143841853
3143841852
3143841851
3143841850
3143841849
3143841848
3143841847
3143841846
3143841845
3143841844
3143841843
3143841842
3143841841
3143841840
3143841839
3143841838
3143841837
3143841836
3143841835
3143841834
3143841833
3143841832
3143841831
3143841830
3143841829
3143841828
3143841827
3143841826
3143841825
3143841824
3143841823
3143841822
3143841821
3143841820
3143841819
3143841818
3143841817
3143841816
3143841815
3143841814
3143841813
3143841812
3143841811
3143841810
3143841809
3143841808
3143841807
3143841806
3143841805
3143841804
3143841803
3143841802
3143841801
3143841800
3143841799
3143841798
3143841797
3143841796
3143841795
3143841794
3143841793
3143841792
3143841791
3143841790
3143841789
3143841788
3143841787
3143841786
3143841785
3143841784
3143841783
3143841782
3143841781
3143841780
3143841779
3143841778
3143841777
3143841776
3143841775
3143841774
3143841773
3143841772
3143841771
3143841770
3143841769
3143841768
3143841767
3143841766
3143841765
3143841764
3143841763
3143841762
3143841761
3143841760
3143841759
3143841758
3143841757
3143841756
3143841755
3143841754
3143841753
3143841752
3143841751
3143841750
3143841749
3143841748
3143841747
3143841746
3143841745
3143841744
3143841743
3143841742
3143841741
3143841740
3143841739
3143841738
3143841737
3143841736
3143841735
3143841734
3143841733
3143841732
3143841731
3143841730
3143841729
3143841728
3143841727
3143841726
3143841725
3143841724
3143841723
3143841722
3143841721
3143841720
3143841719
3143841718
3143841717
3143841716
3143841715
3143841714
3143841713
3143841712
3143841711
3143841710
3143841709
3143841708
3143841707
3143841706
3143841705
3143841704
3143841703
3143841702
3143841701
3143841700
3143841699
3143841698
3143841697
3143841696
3143841695
3143841694
3143841693
3143841692
3143841691
3143841690
3143841689
3143841688
3143841687
3143841686
3143841685
3143841684
3143841683
3143841682
3143841681
3143841680
3143841679
3143841678
3143841677
3143841676
3143841675
3143841674
3143841673
3143841672
3143841671
3143841670
3143841669
3143841668
3143841667
3143841666
3143841665
3143841664
3143841663
3143841662
3143841661
3143841660
3143841659
3143841658
3143841657
3143841656
3143841655
3143841654
3143841653
3143841652
3143841651
3143841650
3143841649
3143841648
3143841647
3143841646
3143841645
3143841644
3143841643
3143841642
3143841641
3143841640
3143841639
3143841638
3143841637
3143841636
3143841635
3143841634
3143841633
3143841632
3143841631
3143841630
3143841629
3143841628
3143841627
3143841626
3143841625
3143841624
3143841623
3143841622
3143841621
3143841620
3143841619
3143841618
3143841617
3143841616
3143841615
3143841614
3143841613
3143841612
3143841611
3143841610
3143841609
3143841608
3143841607
3143841606
3143841605
3143841604
3143841603
3143841602
3143841601
3143841600
3143841599
3143841598
3143841597
3143841596
3143841595
3143841594
3143841593
3143841592
3143841591
3143841590
3143841589
3143841588
3143841587
3143841586
3143841585
3143841584
3143841583
3143841582
3143841581
3143841580
3143841579
3143841578
3143841577
3143841576
3143841575
3143841574
3143841573
3143841572
3143841571
3143841570
3143841569
3143841568
3143841567
3143841566
3143841565
3143841564
3143841563
3143841562
3143841561
3143841560
3143841559
3143841558
3143841557
3143841556
3143841555
3143841554
3143841553
3143841552
3143841551
3143841550
3143841549
3143841548
3143841547
3143841546
3143841545
3143841544
3143841543
3143841542
3143841541
3143841540
3143841539
3143841538
3143841537
3143841536
3143841535
3143841534
3165828775
3165828759
3165828758
3163433466
3165828756
3162334739
3163415738
3165828773
